customer_id,signup_date,region,acquisition_channel,age,tenure_months,recency_days,frequency,avg_order_value,monetary_total,num_support_tickets,email_subscribed,discount_rate_used,churned
C100474,2023-12-17,South,Organic,56.0,25,64,7,51.79,362.53,0,0,0.74,1
C100185,2022-10-21,East,Organic,71.0,16,15,3,111.06,333.18,0,1,0.342,0
C100043,2022-08-18, South ,Organic,57.0,29,19,7,70.99,496.93,1,1,0.093,0
C101442,2022-05-31,North,Referral,42.0,5,19,1,25.63,25.63,0,1,0.172,1
C100060,2024-08-27,east,Email,40.0,4,32,3,,230.88,2,0,0.12,0
C101332,2024-09-16,South,Paid Search,,7,1,2,101.02,202.04,0,0,0.269,0
C100530,2021-09-06,east,Organic,38.0,7,170,3,75.16,225.48,1,1,0.094,0
C100409,2023-06-01, West ,Referral,44.0,7,26,1,46.94,46.94,1,1,0.496,0
C100899,2024-09-16,South,Social,30.0,11,104,2,151.68,303.36,0,0,0.33,0
C100363,2023-07-05,North,Paid Search,27.0,11,132,2,45.66,91.32,2,1,0.426,0
C100284,2023-06-10,East,Organic,59.0,9,50,1,110.68,110.68,0,1,0.113,0
C100117,2023-04-03,east,Social,51.0,4,48,3,,485.16,0,0,0.7,1
C100731,2022-07-19,North,Social,29.0,12,119,3,10.0,30.0,0,0,0.261,1
C100204,2021-12-30, north ,Paid Search,51.0,19,118,3,147.8,443.4,1,1,0.191,0
C100259,2021-09-19,East,Email,52.0,3,19,2,108.99,217.98,0,1,0.087,0
C100683,2024-07-16,South,Organic,26.0,8,67,2,99.11,198.22,1,0,0.248,0
C100635,2022-09-16,North,Paid Search,39.0,20,1,3,,135.96,2,1,0.09,0
C100981,2021-06-29,West,Organic,48.0,13,13,4,57.41,229.64,0,0,0.255,0
C100734,2021-06-09,North,Social,37.0,6,30,3,79.02,237.06,0,0,0.262,0
C100454,2021-12-18,North,Email,21.0,14,118,2,16.57,33.14,0,1,0.333,1
C100693,2023-11-19,South,Organic,49.0,6,54,3,129.74,389.22,1,0,0.168,0
C101271,2021-10-29, South ,Referral,30.0,5,48,2,78.41,156.82,0,1,0.317,0
C100892,2022-08-22,North,Paid Search,45.0,6,29,3,,144.84,0,0,0.157,0
C101133,2021-12-22,East,Social,,16,44,3,81.61,244.83,0,0,0.172,0
C100367,2021-07-11,east,Organic,32.0,4,27,1,61.13,61.13,1,0,0.432,0
C101359,2023-03-16, North ,Paid Search,37.0,8,98,2,107.96,215.92,0,0,0.046,0
C100540,2022-12-19,west,,39.0,9,29,4,87.29,349.16,0,0,0.346,0
C100510,2024-09-12,north,Organic,40.0,7,5,2,64.69,129.38,0,0,0.183,0
C100389,2021-04-17, West ,Paid Search,57.0,18,269,3,42.95,128.85,0,1,0.297,1
C101062,2024-01-27,south,Social,29.0,15,1,3,92.94,278.82,0,1,0.189,0
C101216,2021-05-09,South,Paid Search,80.0,11,33,3,22.99,68.97,3,1,0.095,0
C100699,2022-09-29,South,Social,29.0,29,23,5,,434.05,0,1,0.579,0
C101280,2024-10-06,South,Organic,48.0,11,29,6,83.75,502.5,0,0,0.192,0
C100285,2023-07-28,South,Referral,33.0,17,7,4,,435.12,2,0,0.355,0
C100071,2023-08-08,South,,38.0,2,25,1,82.5,82.5,0,1,0.044,0
C100587,2022-08-31, South ,Paid Search,,7,85,2,,155.72,0,1,0.26,0
C101236,2022-08-07,North,Organic,44.0,15,19,3,84.9,254.7,1,1,0.288,0
C100872,2024-06-03,West,Paid Search,43.0,6,52,2,92.9,185.8,0,0,0.451,0
C101049,2021-11-24,North,Organic,59.0,5,88,1,105.33,105.33,0,1,0.092,0
C100638,2024-04-13,East,Referral,42.0,10,63,3,113.57,340.71,1,1,0.433,0
C100960,2021-02-09,South,Referral,,11,146,3,52.26,156.78,0,1,0.233,1
C100350,2024-02-17,East,Organic,48.0,10,27,2,122.71,245.42,3,1,0.416,1
C100995,2024-04-23,South,Paid Search,37.0,2,31,1,49.92,49.92,0,0,0.198,0
C100581,2024-10-11,South,,51.0,16,173,1,96.6,96.6,0,1,0.598,1
C100111,2021-11-26,North,Referral,47.0,9,35,2,24.93,49.86,1,0,0.136,0
C100498,2022-03-14,South,Referral,42.0,13,3,1,99.57,99.57,0,0,0.174,1
C100712,2023-04-21,West,Referral,43.0,8,290,5,99.46,497.3,0,0,0.318,0
C101056,2024-07-22,West,Organic,66.0,4,47,2,72.87,145.74,3,0,0.222,0
C100116,2022-08-23,East,Organic,32.0,7,50,1,89.66,89.66,0,0,0.474,0
C100861,2024-06-30,east,Organic,60.0,6,13,3,57.58,172.74,1,0,0.465,0
C100101,2023-07-03,East,Organic,49.0,22,69,8,98.2,785.6,2,1,0.219,0
C100925,2022-11-02,South,Social,18.0,17,67,9,109.05,981.45,0,0,0.303,0
C101322,2021-05-23,North,Organic,29.0,26,83,4,60.04,240.16,0,0,0.426,0
C100895,2024-06-20,West,Email,41.0,7,15,3,90.89,272.67,1,1,0.601,0
C100720,2021-03-06,South,Paid Search,35.0,20,39,5,140.1,700.5,1,0,0.244,0
C100666,2023-11-17,West,Referral,34.0,6,21,1,74.73,74.73,1,1,0.272,0
C101459,2024-10-06,South,Email,32.0,7,3,1,67.87,67.87,0,0,0.371,0
C100452,2022-12-17,East,Referral,34.0,9,149,2,53.73,107.46,2,1,0.228,1
C101306,2024-07-21,east,Paid Search,31.0,14,184,3,97.53,292.59,0,0,0.092,0
C100463,2021-06-23,South,Organic,67.0,4,8,2,87.56,175.12,1,1,0.038,1
C100769,2022-11-06,east,Referral,47.0,6,1,1,103.79,103.79,1,1,0.2,0
C101473,2023-10-28,South,Email,42.0,9,19,1,19.55,19.55,0,0,0.248,1
C100252,2024-07-29,South,Referral,63.0,7,13,1,93.47,93.47,1,1,0.078,0
C100756,2021-06-13,South,Email,49.0,4,15,3,87.03,261.09,1,0,0.081,0
C100898,2023-07-18,North,Organic,40.0,1,46,1,94.0,94.0,2,1,0.483,0
C100127,2023-09-19,North,Organic,40.0,3,43,1,98.26,98.26,2,0,0.265,0
C100063,2022-08-12,East,Email,49.0,13,1,2,118.23,236.46,1,1,0.049,0
C101020,2021-08-13,West,Organic,35.0,8,18,1,80.49,80.49,3,0,0.074,0
C101439,2023-09-10,West,Organic,37.0,8,81,3,,349.86,0,0,0.318,0
C100058,2024-01-23,North,Social,33.0,5,43,2,84.94,169.88,1,1,0.285,0
C100804,2022-10-11,north,Paid Search,55.0,18,152,2,71.95,143.9,2,0,0.32,0
C100348,2024-03-25,East,Paid Search,46.0,17,29,4,144.98,579.92,1,1,0.304,0
C101132,2024-07-14,North,Referral,53.0,5,239,1,90.92,90.92,1,0,0.228,0
C100467,2022-04-04, West ,Referral,47.0,11,80,6,45.12,270.72,1,0,0.113,0
C101464,2022-09-16,East,Organic,50.0,22,30,5,32.04,160.2,2,1,0.442,1
C100656,2022-11-13,West,Organic,23.0,13,82,1,43.85,43.85,0,0,0.475,0
C100095,2022-10-12,east,Social,24.0,16,32,3,149.97,449.91,1,0,0.343,1
C100412,2021-07-06,North,Email,23.0,10,73,4,78.76,315.04,0,1,0.35,0
C100200,2021-09-19, East ,Email,,9,55,4,69.84,279.36,0,1,0.511,0
C101302,2022-04-21,East,Organic,33.0,15,77,4,53.46,213.84,1,1,0.355,0
C100697,2024-08-04,East,Paid Search,35.0,17,13,7,139.2,974.4,0,1,0.248,0
C101149,2024-03-26, West ,Referral,54.0,15,8,3,140.52,421.56,3,1,0.106,0
C100432,2021-04-05,East,Referral,61.0,11,109,2,141.8,283.6,0,1,0.236,0
C100383,2024-09-18,south,Social,67.0,4,11,1,87.63,87.63,2,1,0.172,0
C100027,2022-11-11,North,,,30,91,3,62.98,188.94,0,0,0.322,1
C100141,2022-04-07,South,Organic,48.0,24,35,3,56.15,168.45,0,0,0.509,0
C100009,2022-06-04,South,Social,34.0,9,17,2,113.16,226.32,1,0,0.173,1
C100830,2021-01-13,East,Social,32.0,2,86,2,41.29,82.58,0,1,0.599,0
C100396,2023-03-03,West,Social,31.0,27,61,3,78.12,234.36,1,0,0.646,0
C101397,2021-03-27,West,Organic,39.0,11,42,2,132.93,265.86,1,1,0.228,0
C101304,2022-03-14,West,Organic,27.0,6,64,2,96.44,192.88,3,1,0.292,0
C101323,2024-06-04,East,Email,,10,38,3,73.71,221.13,0,0,0.278,0
C100888,2023-03-07,North,Social,46.0,19,5,5,63.8,319.0,1,0,0.257,0
C100876,2023-05-31,South,Referral,23.0,15,14,5,54.6,,0,0,0.722,0
C100681,2022-01-21,North,Email,45.0,9,20,3,62.02,186.06,0,1,0.303,0
C100193,2022-01-16,West,Social,59.0,9,11,2,110.27,220.54,0,1,0.117,0
C100518,2021-11-15, North ,Social,49.0,7,14,2,81.96,163.92,0,0,0.29,0
C100262,2021-06-20,South,Organic,54.0,13,1,3,58.69,176.07,0,1,0.244,0
C100649,2023-10-22,North,Organic,57.0,25,66,6,109.2,655.2,0,1,0.399,0
C101223,2024-05-15,East,Paid Search,37.0,14,120,4,98.18,392.72,0,1,0.042,0
C101470,2021-10-25,west,Paid Search,33.0,5,62,1,50.55,50.55,0,1,0.475,0
C100619,2023-03-13,North,Organic,50.0,8,61,4,85.33,341.32,1,0,0.375,0
C101270,2021-08-07,West,Organic,54.0,5,1,1,33.19,33.19,1,0,0.416,0
C101305,2022-04-25, West ,Organic,48.0,11,48,7,79.52,556.64,1,1,0.24,0
C100718,2021-08-31,East,Email,,3,6,1,111.68,111.68,2,1,0.304,0
C100603,2024-10-03,East,Email,55.0,8,62,1,82.32,82.32,0,0,0.487,1
C100674,2024-07-09,East,Paid Search,39.0,19,1,3,62.56,187.68,1,0,0.384,0
C100986,2024-05-30,south,Referral,43.0,17,20,6,120.35,722.1,1,1,0.234,0
C101367,2021-12-17,North,Social,55.0,2,50,1,161.32,161.32,0,0,0.223,0
C100017,2022-04-23,North,Email,49.0,37,40,6,,519.18,0,0,0.251,0
C101050,2022-07-08,East,Paid Search,28.0,10,199,2,104.25,208.5,1,0,0.312,0
C100186,2021-12-10,South,Paid Search,58.0,18,102,2,35.82,71.64,1,0,0.062,1
C101252,2023-09-21,North,Referral,61.0,6,2,2,94.41,188.82,1,0,0.364,0
C100701,2024-02-20,South,Email,47.0,12,21,1,54.8,54.8,0,0,0.406,0
C100609,2024-07-02,South,Organic,38.0,7,74,1,81.59,81.59,0,1,0.306,0
C101436,2022-02-06,North,Paid Search,26.0,5,44,2,63.71,127.42,0,1,0.095,0
C100206,2024-08-31,North,Organic,57.0,13,56,4,20.67,82.68,2,0,0.261,0
C101346,2021-12-27,South,Organic,,19,116,2,96.51,193.02,1,0,0.136,0
C101225,2024-05-03,West,Social,49.0,20,171,2,113.79,227.58,0,1,0.505,0
C100118,2024-09-07,south,Email,68.0,18,116,3,69.93,209.79,0,0,0.232,0
C100643,2024-07-26,north,Referral,49.0,65,96,13,75.53,981.89,2,0,0.324,0
C100974,2022-02-03,south,Paid Search,43.0,3,36,1,87.97,87.97,0,0,0.17,0
C100593,2021-02-12,East,Organic,25.0,19,16,3,85.09,255.27,1,1,0.196,0
C100294,2023-11-23,West,Email,42.0,6,75,1,114.47,114.47,0,1,0.377,1
C101460,2021-11-20,East,Referral,43.0,11,5,2,72.26,144.52,1,1,0.082,0
C100369,2022-12-16,West,Referral,60.0,16,13,2,156.06,312.12,1,0,0.495,0
C101118,2024-03-03,South,Referral,44.0,30,151,6,158.68,952.08,1,0,0.061,0
C101182,2023-04-14,North,Organic,,21,93,2,111.94,223.88,0,1,0.053,0
C100489,2021-09-05,east,Organic,43.0,7,118,4,101.25,405.0,3,1,0.504,1
C100702,2023-01-28,North,Referral,34.0,11,71,3,62.74,188.22,1,1,0.588,0
C101433,2024-06-16,north,Referral,30.0,6,32,3,67.45,202.35,0,1,0.129,0
C101434,2023-08-01,North,Social,44.0,23,84,6,68.83,412.98,0,0,0.177,0
C100848,2022-04-16,North,,48.0,11,8,4,107.87,431.48,1,1,0.119,0
C100447,2022-11-25,East,Email,61.0,13,107,2,150.36,,0,0,0.249,0
C100023,2023-07-05,West,Referral,20.0,10,66,3,79.0,237.0,1,1,0.161,0
C100825,2022-10-15,North,Email,50.0,8,181,3,53.71,161.13,0,1,0.451,0
C101273,2021-03-26,East,Organic,57.0,15,107,2,105.22,,1,1,0.08,0
C100501,2022-05-06,West,Paid Search,44.0,9,16,2,29.53,59.06,2,1,0.209,0
C100484,2024-02-07,North,Social,37.0,5,94,4,79.18,316.72,0,1,0.444,0
C100774,2023-06-30,North,Referral,,11,25,4,79.84,319.36,2,0,0.146,0
C100167,2021-04-11,West,Organic,34.0,11,50,3,75.47,226.41,1,1,0.018,0
C100287,2022-02-16,South,Social,35.0,10,124,3,127.47,382.41,1,0,0.338,0
C100640,2021-04-09,East,Referral,48.0,24,14,3,94.55,283.65,3,0,0.07,0
C101146,2024-01-03,East,Social,41.0,24,23,5,87.55,437.75,1,1,0.204,0
C100146,2024-06-02,South,Organic,28.0,11,35,3,109.26,,1,0,0.523,1
C100602,2022-06-01,West,Referral,,10,20,2,136.59,273.18,0,0,0.232,0
C101190,2021-09-05,South,Email,56.0,29,35,3,128.16,,2,1,0.331,0
C100172,2021-09-19,South,Referral,48.0,1,44,2,90.43,180.86,0,0,0.09,0
C100325,2021-12-19,East,Organic,36.0,11,5,1,90.11,90.11,0,1,0.261,0
C101158,2023-07-03,South,Organic,57.0,6,12,1,98.39,,0,0,0.292,0
C100013,2024-10-08,West,Social,28.0,4,163,1,69.89,69.89,0,1,0.011,1
C100108,2021-04-29,North,Paid Search,46.0,5,63,3,126.95,380.85,0,1,0.415,0
C100707,2022-01-18,East,Paid Search,34.0,15,52,2,75.61,151.22,2,1,0.116,0
C101229,2022-03-01,North,,49.0,15,11,5,58.52,292.6,2,1,0.153,1
C100392,2024-05-04,East,Social,63.0,15,37,2,140.25,280.5,0,0,0.039,1
C101296,2023-08-14,North,Social,41.0,8,41,3,78.12,234.36,0,0,0.287,0
C100034,2021-03-04,South,Organic,31.0,18,45,1,66.5,66.5,2,1,0.386,0
C100874,2022-01-10,East,Paid Search,38.0,16,1,5,77.31,386.55,0,1,0.205,0
C100098,2023-07-08,North,Referral,41.0,7,1,2,86.99,173.98,0,1,0.756,0
C100788,2023-09-02,East,Organic,56.0,17,110,3,83.71,251.13,0,0,0.47,0
C100370,2024-01-23,east,Paid Search,43.0,2,16,1,113.72,113.72,0,1,0.166,0
C100492,2023-12-14,East,Paid Search,23.0,18,37,5,120.89,604.45,2,0,0.097,0
C100511,2022-11-26,West,Organic,60.0,26,111,2,89.55,,0,1,0.234,0
C101072,2021-11-24,South,Referral,,8,44,1,111.22,111.22,0,0,0.304,1
C100817,2022-08-15,South,Referral,30.0,16,13,3,89.38,268.14,2,1,0.089,0
C101206,2023-07-14,East,,33.0,19,49,6,79.68,478.08,1,1,0.092,0
C101128,2023-02-06,East,Organic,,11,44,2,43.88,87.76,1,1,0.327,0
C100525,2021-09-04,south,Paid Search,42.0,24,44,7,61.19,428.33,3,0,0.325,0
C100648,2021-08-28,East,Referral,34.0,5,34,1,58.83,58.83,1,1,0.446,1
C100179,2023-04-07,East,Paid Search,33.0,14,19,4,107.63,430.52,0,0,0.499,0
C100024,2023-04-20,East,Social,52.0,10,70,1,55.84,55.84,1,0,0.49,0
C100110,2023-05-17,South,Organic,59.0,6,15,2,89.22,178.44,0,1,0.076,0
C100015,2022-07-13,North,Organic,,11,51,4,32.25,129.0,1,1,0.168,0
C101403,2021-01-06,South,Email,59.0,23,69,7,124.72,873.04,1,0,0.142,0
C100882,2023-09-11,West,Organic,50.0,10,19,2,150.47,300.94,4,0,0.243,0
C100450,2022-04-28,North,Email,37.0,28,1,6,98.5,591.0,0,1,0.454,1
C100829,2021-06-29,South,Paid Search,,16,58,6,101.61,609.66,1,0,0.15,0
C100147,2023-11-25,South,Referral,30.0,4,8,2,95.75,191.5,0,0,0.308,1
C100410,2021-08-10,East,Organic,39.0,19,37,4,79.28,317.12,1,1,0.348,0
C100210,2021-08-19,East,Referral,53.0,1,27,1,23.06,23.06,1,0,0.429,1
C101274,2022-06-19,North,Referral,,9,204,4,88.2,352.8,0,0,0.38,1
C100716,2023-11-27,East,Organic,51.0,15,1,3,73.89,,0,0,0.545,0
C101192,2022-04-10,West,Referral,24.0,26,2,2,112.85,225.7,3,0,0.08,0
C100249,2023-05-12,South,Paid Search,20.0,35,109,6,42.08,252.48,0,0,0.404,0
C101186,2023-07-12,South,Organic,49.0,6,20,1,55.52,,1,1,0.279,0
C100943,2023-05-26,South,Paid Search,48.0,12,127,5,72.23,361.15,0,0,0.265,0
C100737,2022-03-10,South,Paid Search,20.0,11,1,2,10.0,20.0,1,0,0.282,1
C100099,2021-10-30, West ,Organic,22.0,7,21,2,145.57,291.14,0,1,0.343,0
C100004,2024-09-10,North,,,9,3,5,,511.0,1,1,0.225,0
C100738,2022-01-12,South,Paid Search,66.0,27,70,5,49.59,247.95,0,1,0.207,0
C100046,2022-09-22,South,Organic,43.0,3,50,1,70.64,70.64,1,1,0.457,1
C100531,2023-01-19,East,Paid Search,46.0,13,45,4,54.91,219.64,0,0,0.482,0
C101218,2023-07-23,East,Organic,25.0,12,204,1,99.92,99.92,1,0,0.242,1
C101067,2023-09-09,East,Organic,27.0,5,33,1,45.14,45.14,2,1,0.517,1
C101177,2023-11-04,south,Referral,47.0,8,14,2,25.34,50.68,1,1,0.096,0
C100189,2022-08-23,South,Paid Search,39.0,12,67,4,62.97,251.88,0,1,0.509,0
C100241,2024-03-03,East,Organic,36.0,12,20,6,90.95,545.7,1,0,0.213,1
C100837,2024-05-13,West,Paid Search,61.0,35,16,9,104.88,943.92,2,1,0.359,0
C101363,2023-12-06,North,Organic,49.0,3,23,1,70.68,,3,1,0.256,0
C100967,2021-05-12,North,Social,54.0,7,121,1,140.33,140.33,0,0,0.416,0
C100503,2022-05-02, South ,Social,60.0,25,35,5,78.04,390.2,1,0,0.049,0
C101336,2024-03-03,North,Social,59.0,15,51,4,79.25,317.0,1,0,0.364,0
C100263,2023-02-05,North,Organic,25.0,9,56,1,90.53,90.53,0,1,0.164,0
C100451,2024-05-26,West,Organic,44.0,17,41,4,69.84,279.36,0,1,0.222,0
C101087,2023-07-21,East,Organic,40.0,5,350,4,63.34,253.36,0,0,0.485,1
C100597,2024-10-14,East,Paid Search,45.0,14,17,4,87.62,350.48,1,0,0.454,0
C100313,2023-12-27,South,Organic,39.0,17,14,4,72.48,289.92,0,0,0.354,0
C100113,2021-03-10,East,Paid Search,34.0,16,57,5,116.75,583.75,1,0,0.374,0
C101013,2021-09-11,West,Organic,37.0,11,53,7,58.3,408.1,1,0,0.267,1
C100051,2023-03-12,North,Paid Search,41.0,10,139,1,67.76,67.76,0,0,0.274,1
C100705,2021-07-31, east ,Social,39.0,7,12,3,152.0,456.0,1,1,0.063,0
C100228,2024-03-07,East,Organic,34.0,5,56,2,48.95,97.9,2,0,0.083,0
C100546,2021-05-14,South,Paid Search,,4,57,2,75.04,150.08,3,0,0.287,1
C100344,2022-07-27,East,Organic,47.0,7,21,5,101.01,505.05,1,1,0.221,0
C100947,2024-09-05,West,,55.0,17,23,2,106.53,213.06,1,1,0.422,1
C101081,2024-05-07,West,Referral,40.0,3,68,2,44.91,89.82,0,0,0.196,0
C100308,2022-08-01,South,Paid Search,42.0,6,3,1,102.33,102.33,0,1,0.535,0
C100664,2022-06-05,South,Referral,52.0,8,28,3,96.49,289.47,1,1,0.117,0
C101240,2022-01-21,West,Organic,37.0,3,18,1,113.2,113.2,2,0,0.064,1
C101426,2024-01-25,North,Social,,48,29,8,81.26,,0,0,0.256,0
C101375,2021-02-10, North ,Organic,39.0,11,1,4,76.7,306.8,0,0,0.194,0
C100621,2023-10-22,South,Organic,55.0,6,14,2,39.08,78.16,1,1,0.292,0
C100164,2024-05-28,East,,51.0,4,21,1,69.52,69.52,0,0,0.345,0
C100984,2023-06-09,North,Referral,30.0,4,31,1,81.4,81.4,0,1,0.275,1
C100564,2023-10-24,east,Paid Search,41.0,6,49,2,72.7,145.4,0,1,0.102,0
C100207,2024-06-30,East,Paid Search,,5,47,1,110.01,110.01,1,0,0.102,0
C100562,2023-09-24,west,Paid Search,50.0,7,13,1,80.78,80.78,1,1,0.107,0
C100358,2021-06-21,South,Organic,49.0,12,42,3,84.18,252.54,1,1,0.013,0
C101455,2022-01-15, North ,Paid Search,20.0,13,14,2,60.89,121.78,0,1,0.281,0
C100840,2024-09-17,North,Organic,38.0,13,50,5,81.17,405.85,1,0,0.064,0
C101471,2022-12-29,North,Social,47.0,8,7,1,84.21,84.21,0,1,0.165,0
C100340,2022-10-16,North,Organic,38.0,12,87,2,75.47,150.94,1,1,0.299,0
C100020,2024-10-15,east,Organic,50.0,12,74,1,75.17,75.17,0,0,0.11,0
C100833,2022-05-08,East,Organic,48.0,9,88,2,59.42,118.84,2,0,0.189,0
C101420,2022-08-31,East,Email,,7,47,1,81.78,81.78,0,1,0.195,0
C101424,2021-10-31,South,Organic,57.0,24,105,9,139.8,1258.2,1,1,0.289,0
C100378,2023-10-06,South,Paid Search,61.0,26,85,6,123.16,738.96,1,1,0.03,0
C100275,2024-01-01,South,Paid Search,49.0,21,74,3,53.63,160.89,1,0,0.481,0
C100862,2021-03-02,East,Paid Search,38.0,9,40,1,137.24,137.24,1,1,0.271,0
C100748,2021-08-25,East,Paid Search,40.0,11,44,5,83.98,419.9,0,0,0.191,0
C100346,2023-12-12,West,Paid Search,41.0,37,20,11,134.28,1477.08,2,1,0.322,1
C100026,2022-03-18,south,Paid Search,,27,53,6,21.1,126.6,0,1,0.277,0
C100744,2021-12-20,South,,37.0,3,81,3,126.65,379.95,1,1,0.062,0
C101282,2024-07-08,South,Social,36.0,35,160,7,64.79,453.53,0,1,0.556,0
C101418,2024-05-06,West,Organic,27.0,14,37,2,104.24,208.48,1,1,0.27,0
C100907,2022-01-20,North,,25.0,19,145,4,155.5,622.0,2,1,0.188,0
C100704,2024-05-03,South,Paid Search,48.0,11,41,1,134.59,134.59,1,1,0.264,0
C100869,2023-03-27,North,Paid Search,37.0,6,55,2,74.7,149.4,0,1,0.076,0
C101183,2023-07-03,North,Social,40.0,16,59,5,88.38,441.9,0,1,0.459,1
C101484,2023-09-25,East,Organic,,20,15,3,141.93,425.79,0,1,0.3,0
C101076,2022-02-12,South,Social,43.0,20,21,3,45.38,136.14,1,0,0.274,0
C100361,2024-02-08,North,Email,,14,36,6,74.58,447.48,0,0,0.225,0
C101198,2023-09-26,South,Paid Search,49.0,18,29,2,98.34,196.68,0,1,0.432,0
C100128,2023-06-15,North,Organic,33.0,6,62,2,127.71,255.42,0,1,0.8,0
C101492,2023-02-01,East,Paid Search,21.0,12,120,5,67.06,335.3,0,0,0.22,0
C101352,2024-08-28,South,Referral,30.0,15,62,2,111.67,223.34,1,0,0.382,0
C101457,2022-10-27,South,Organic,39.0,21,55,5,91.45,457.25,0,0,0.226,0
C101002,2023-04-27,North,Email,42.0,18,121,3,88.74,266.22,0,1,0.387,0
C100860,2022-03-21, East ,Referral,28.0,6,55,2,56.0,112.0,0,1,0.103,0
C100920,2024-07-24,North,Organic,51.0,24,40,7,104.16,729.12,1,0,0.217,0
C101201,2022-07-01,East,Paid Search,46.0,37,59,8,104.18,833.44,1,1,0.411,0
C100151,2023-02-02,west,Organic,45.0,16,128,5,37.67,188.35,0,0,0.276,0
C100957,2024-04-23,South,Organic,43.0,24,3,5,147.68,738.4,1,0,0.521,0
C101435,2021-11-09,west,Paid Search,38.0,8,64,1,127.17,,0,1,0.532,0
C100278,2021-01-23,West,Paid Search,60.0,12,9,4,95.36,381.44,1,0,0.472,0
C101411,2021-01-30,West,Organic,66.0,16,41,2,88.98,177.96,0,0,0.446,1
C101137,2022-05-23,south,Organic,42.0,9,35,3,152.55,457.65,1,0,0.07,0
C100913,2024-08-27,West,Paid Search,42.0,20,74,7,44.94,314.58,0,0,0.264,0
C100507,2023-05-15,west,Organic,39.0,11,68,5,81.41,407.05,2,0,0.496,0
C100407,2022-10-03,West,Organic,,20,1,3,114.56,343.68,3,1,0.375,0
C100946,2023-12-28,East,Organic,25.0,35,2,4,86.82,347.28,4,1,0.018,0
C100595,2021-12-13,South,Paid Search,31.0,10,31,2,123.96,247.92,1,1,0.59,0
C100397,2024-09-12,South,Organic,54.0,17,8,3,125.19,375.57,0,0,0.199,0
C100653,2021-05-09,North,Referral,41.0,4,1,1,85.11,85.11,0,0,0.351,0
C100878,2022-07-17,east,Organic,36.0,30,110,6,77.78,,1,0,0.15,0
C100500,2021-11-13, East ,Referral,18.0,28,41,5,,651.85,3,0,0.49,0
C101042,2022-02-05,east,Paid Search,59.0,19,1,4,20.67,82.68,0,1,0.429,0
C100660,2024-09-02,South,Paid Search,44.0,6,4,1,119.75,119.75,1,0,0.177,0
C101188,2024-02-17,North,Organic,30.0,6,99,2,116.92,233.84,0,1,0.364,0
C101010,2024-10-11,East,Paid Search,,27,10,8,60.74,485.92,3,1,0.073,0
C100781,2022-09-30,West,Organic,61.0,3,29,2,58.55,117.1,1,0,0.256,0
C101269,2022-12-07,South,Email,29.0,16,49,2,80.6,161.2,0,1,0.086,0
C100771,2022-01-27, East ,Social,,16,35,3,46.61,139.83,1,0,0.267,0
C101044,2021-05-24,North,Paid Search,59.0,11,93,2,,80.5,1,1,0.49,0
C100330,2022-05-08,East,Paid Search,,15,69,2,77.77,155.54,0,1,0.237,0
C101168,2024-09-28,West,Social,,16,9,6,44.84,269.04,0,0,0.2,0
C100170,2021-12-25,South,Paid Search,38.0,8,69,3,68.81,206.43,2,1,0.259,1
C100976,2024-04-06, South ,Organic,30.0,21,52,4,60.32,241.28,1,1,0.369,0
C101051,2022-03-24,north,Paid Search,39.0,2,7,2,57.32,114.64,1,0,0.363,0
C101348,2023-07-20,South,Referral,49.0,11,22,3,82.0,246.0,0,0,0.286,0
C101117,2022-02-08,East,Referral,26.0,11,21,2,59.12,118.24,0,0,0.06,1
C100264,2023-03-16,West,Organic,45.0,12,15,2,92.91,185.82,0,0,0.101,0
C100739,2021-05-03,South,Paid Search,71.0,19,34,3,122.0,366.0,2,0,0.195,0
C101033,2023-04-11, West ,Organic,42.0,7,11,4,70.58,282.32,1,0,0.676,0
C101335,2024-06-17,west,Social,33.0,21,89,11,139.55,1535.05,0,0,0.521,0
C100857,2021-09-30,West,Paid Search,61.0,7,57,1,130.1,130.1,1,0,0.3,0
C100426,2023-01-27,North,Paid Search,50.0,9,47,2,88.48,176.96,1,1,0.471,0
C100694,2021-04-27,West,Social,43.0,3,42,1,142.11,142.11,0,1,0.154,0
C101150,2021-02-25,North,Email,38.0,15,118,3,,436.44,0,0,0.448,0
C101023,2024-05-16,South,Social,56.0,21,23,4,155.19,620.76,1,0,0.311,0
C101022,2021-01-05,West,,44.0,10,87,2,128.72,257.44,0,1,0.207,0
C101285,2021-04-14,West,Social,51.0,10,42,2,33.86,67.72,1,0,0.289,1
C101467,2022-08-14,North,Organic,41.0,19,46,6,78.59,471.54,2,0,0.242,0
C100213,2024-07-12,West,,42.0,11,5,3,69.8,209.4,1,1,0.049,0
C100813,2024-07-11, East ,Organic,,14,16,2,77.76,155.52,1,1,0.295,0
C101152,2021-01-17,north,Referral,56.0,9,73,4,43.22,172.88,1,1,0.567,0
C101472,2022-07-12,North,Organic,26.0,7,29,1,48.61,48.61,0,0,0.065,0
C100324,2022-07-20,west,Social,32.0,38,76,6,75.65,453.9,1,1,0.177,0
C100326,2024-06-10,West,Paid Search,64.0,37,39,4,145.04,580.16,0,0,0.376,0
C100680,2022-07-18,north,Referral,50.0,12,258,1,154.49,154.49,0,0,0.167,0
C100199,2023-03-04,South,Social,54.0,8,34,1,66.52,66.52,0,1,0.11,0
C101187,2024-09-21,West,Social,49.0,17,31,1,136.63,136.63,0,1,0.324,0
C100351,2024-01-21,north,Email,79.0,4,86,2,100.01,200.02,2,1,0.364,0
C100961,2024-10-28,South,Social,,20,133,5,,613.5,0,0,0.037,0
C100611,2024-09-06,East,Paid Search,,15,144,5,96.88,484.4,3,1,0.236,0
C100832,2021-12-17,South,Referral,41.0,29,14,11,86.39,950.29,1,0,0.305,0
C100216,2021-01-23,North,Paid Search,40.0,11,42,3,128.39,385.17,0,1,0.157,1
C101387,2023-09-26,south,Email,39.0,13,26,3,66.99,200.97,1,0,0.28,0
C100253,2024-03-08,north,Referral,,9,75,2,65.25,130.5,0,1,0.36,0
C100152,2022-11-17,North,Organic,43.0,18,1,6,93.66,561.96,0,1,0.518,0
C100194,2024-02-11,North,Social,26.0,19,13,5,114.7,573.5,0,0,0.167,0
C100374,2021-07-31,North,Email,27.0,16,15,5,99.93,,1,0,0.354,0
C100868,2022-02-11,North,Paid Search,51.0,9,49,2,46.61,93.22,0,0,0.122,0
C100068,2024-04-19,North,Paid Search,18.0,13,5,4,113.79,455.16,0,0,0.414,1
C100130,2022-01-03,North,Paid Search,28.0,22,14,9,56.2,505.8,1,1,0.067,0
C100328,2022-03-26,East,Email,39.0,7,1,1,54.73,54.73,1,1,0.476,0
C100091,2024-07-19,East,Organic,43.0,10,136,2,92.4,184.8,1,1,0.258,0
C100300,2022-11-12,East,Social,,26,136,3,42.93,128.79,1,1,0.056,0
C101454,2021-01-30,South,Paid Search,29.0,4,22,2,48.54,97.08,1,0,0.063,1
C101355,2023-05-25,north,Email,39.0,2,33,1,120.63,120.63,1,1,0.357,0
C100809,2022-05-29,West,Referral,41.0,12,128,4,125.05,500.2,1,1,0.732,0
C100354,2024-02-19,South,Referral,51.0,31,1,8,102.61,820.88,0,1,0.227,0
C101443,2023-09-23,north,Organic,43.0,7,100,1,76.89,76.89,1,1,0.477,1
C100240,2023-09-25,West,Organic,43.0,1,12,4,91.3,365.2,0,0,0.083,0
C100651,2021-10-18,West,Organic,28.0,11,84,3,83.14,249.42,1,1,0.445,0
C101084,2024-01-13,West,Organic,23.0,16,121,2,95.02,190.04,0,0,0.09,0
C100187,2021-12-01,North,Paid Search,33.0,8,1,1,52.5,52.5,0,0,0.655,1
C100713,2024-02-06,West,Paid Search,40.0,14,103,3,70.81,212.43,0,1,0.317,0
C101180,2022-11-18,East,Referral,49.0,14,54,1,48.93,48.93,1,1,0.59,1
C101046,2023-12-10,North,Email,71.0,8,51,2,92.21,184.42,1,1,0.2,0
C100598,2021-11-09,West,Organic,55.0,5,63,1,171.92,171.92,1,1,0.248,0
C100972,2023-05-02,North,Social,41.0,40,43,6,123.53,741.18,1,1,0.408,0
C101011,2021-05-10,East,Paid Search,44.0,11,1,6,42.03,252.18,0,1,0.312,0
C100283,2022-01-16,North,Organic,22.0,9,54,2,37.98,75.96,1,0,0.017,0
C100506,2024-08-28,South,Paid Search,57.0,6,39,1,85.85,85.85,0,0,0.263,0
C100610,2023-03-20,East,Paid Search,56.0,26,52,4,100.23,400.92,3,1,0.226,0
C101106,2021-07-23,North,Social,39.0,7,15,2,11.86,23.72,1,0,0.051,1
C100517,2024-07-24,East,Organic,59.0,13,7,1,109.68,109.68,0,0,0.312,0
C100565,2022-05-04,east,Email,42.0,10,37,4,21.34,85.36,0,1,0.518,0
C100109,2021-05-04,West,Paid Search,61.0,10,80,2,84.56,169.12,1,0,0.086,0
C101309,2022-10-22,West,Organic,55.0,12,22,2,91.56,183.12,2,1,0.196,0
C100122,2024-08-27,North,Referral,51.0,15,2,3,42.13,126.39,0,0,0.691,0
C100430,2021-09-08,West,Social,67.0,17,8,4,116.02,464.08,1,1,0.24,0
C100280,2024-08-06,North,Organic,44.0,9,38,2,104.28,208.56,0,0,0.333,0
C100978,2024-04-11,South,Paid Search,29.0,7,135,2,77.33,154.66,0,1,0.475,0
C100901,2022-07-29,South,Referral,,9,63,4,27.68,110.72,1,1,0.172,0
C101203,2022-05-08,east,Referral,48.0,15,22,1,137.59,137.59,1,1,0.093,1
C100488,2024-04-26,East,Email,63.0,9,3,2,96.15,,1,1,0.528,0
C100798,2021-09-27,East,Organic,60.0,13,8,6,139.13,834.78,0,1,0.195,0
C101295,2022-11-30,South,Social,38.0,3,51,1,64.19,64.19,0,0,0.409,0
C100875,2023-07-29,West,Organic,47.0,14,17,4,97.97,391.88,0,0,0.423,0
C101082,2022-05-22,West,Organic,33.0,14,1,1,36.2,36.2,0,1,0.558,0
C100746,2023-02-22,South,Organic,41.0,13,9,4,39.59,158.36,2,0,0.408,0
C100742,2021-10-26,West,Paid Search,33.0,14,1,7,,70.0,1,0,0.403,0
C101130,2021-08-24,West,Organic,48.0,13,20,2,91.16,182.32,1,0,0.126,0
C100067,2021-08-14,South,Organic,36.0,6,3,2,54.41,108.82,1,1,0.409,0
C100630,2024-10-03,West,Organic,39.0,2,1,1,99.06,99.06,1,1,0.186,0
C100673,2024-08-13,East,Organic,36.0,27,13,6,69.5,417.0,1,1,0.198,0
C100820,2022-06-21,North,Organic,33.0,5,17,1,115.99,115.99,0,0,0.118,0
C101477,2022-05-08,West,Social,42.0,4,38,3,124.03,372.09,0,1,0.063,0
C100902,2023-04-07,North,Referral,45.0,14,23,4,57.16,228.64,0,0,0.214,0
C100586,2021-06-28,North,Paid Search,34.0,16,202,2,125.71,251.42,1,0,0.067,0
C100414,2023-09-07, North ,Organic,47.0,8,14,5,77.38,386.9,0,1,0.333,0
C100372,2023-08-07,South,Email,28.0,17,75,3,71.79,215.37,1,0,0.512,0
C101073,2023-01-03, West ,Referral,55.0,35,29,10,53.82,538.2,1,1,0.324,0
C100416,2021-08-03,North,Social,57.0,11,51,1,145.12,145.12,1,0,0.406,0
C100318,2021-04-07,South,Paid Search,56.0,16,31,4,123.17,492.68,0,1,0.244,0
C101447,2021-11-27,South,Referral,50.0,14,42,5,124.93,624.65,0,1,0.163,0
C101405,2024-01-31,South,Social,37.0,27,139,4,56.44,225.76,2,0,0.248,0
C100571,2021-06-14,west,Paid Search,41.0,23,31,3,63.65,190.95,1,0,0.25,0
C101093,2021-02-10, South ,Organic,34.0,11,21,2,10.0,20.0,1,1,0.056,0
C100132,2022-06-30,East,Social,41.0,8,26,4,83.65,334.6,0,1,0.257,0
C100700,2022-10-06,North,Organic,59.0,17,10,3,101.2,303.6,0,0,0.287,1
C101324,2024-02-18,South,Email,26.0,20,22,2,41.69,83.38,2,0,0.15,0
C100415,2024-01-29,North,Organic,26.0,14,1,3,187.33,561.99,1,1,0.61,0
C100471,2023-01-04,South,Email,42.0,14,93,2,76.95,153.9,0,1,0.207,0
C101288,2024-07-28,south,Email,,18,79,3,76.51,229.53,1,1,0.696,0
C101232,2024-10-22,North,Social,64.0,9,24,2,48.09,96.18,3,1,0.279,1
C100445,2023-01-22,East,Email,30.0,9,1,4,59.45,237.8,1,1,0.579,0
C100125,2023-09-27,South,Social,36.0,3,103,2,89.88,179.76,0,1,0.248,0
C100465,2022-04-24,East,,24.0,15,99,6,89.4,536.4,3,1,0.251,0
C101094,2021-04-22,East,Organic,60.0,31,133,5,122.4,612.0,1,0,0.281,0
C101389,2021-08-16, north ,Organic,62.0,9,153,2,34.81,69.62,1,1,0.486,0
C100558,2023-09-09,East,Organic,39.0,17,25,7,134.07,938.49,1,0,0.167,0
C101394,2024-09-16,West,Email,27.0,20,1,4,65.1,260.4,1,1,0.219,0
C100386,2023-01-19,East,Organic,57.0,9,120,2,93.46,186.92,1,0,0.024,1
C100289,2022-03-11,North,Organic,,16,81,3,112.12,336.36,1,1,0.279,0
C100883,2023-01-14,South,Organic,37.0,23,108,6,82.78,496.68,1,0,0.196,0
C101122,2022-11-18,west,Organic,,18,8,3,112.0,336.0,0,0,0.168,1
C100903,2023-09-06,South,Referral,56.0,10,60,3,113.47,340.41,1,1,0.399,0
C100053,2023-11-10,East,,42.0,10,115,2,90.09,180.18,0,1,0.033,0
C101445,2021-02-06,East,Paid Search,48.0,17,36,5,95.01,475.05,1,0,0.153,0
C100755,2021-06-03,North,Paid Search,37.0,5,81,1,,30.63,1,0,0.564,0
C101189,2023-02-27,East,Paid Search,54.0,21,47,6,103.92,623.52,1,0,0.234,0
C100732,2023-07-22,North,Organic,47.0,5,15,1,71.51,71.51,0,0,0.267,0
C100040,2021-03-21,south,Referral,61.0,12,13,1,80.69,80.69,0,0,0.523,0
C100339,2023-01-24,West,Social,48.0,8,120,2,112.78,225.56,0,0,0.258,1
C101162,2024-02-16,West,Paid Search,52.0,14,56,2,126.96,253.92,1,0,0.252,1
C100879,2021-11-28,East,Social,55.0,7,70,4,68.07,272.28,0,0,0.177,0
C101124,2024-05-12,South,Social,,38,21,5,114.33,571.65,2,1,0.054,0
C100658,2021-06-09,East,Paid Search,19.0,9,27,1,91.13,91.13,0,1,0.66,0
C100083,2024-05-29,North,Organic,49.0,7,17,3,53.33,159.99,0,0,0.724,0
C100115,2021-08-21,west,Organic,49.0,14,26,1,97.86,97.86,0,1,0.34,0
C101483,2023-12-14,North,Social,39.0,14,36,8,17.63,141.04,0,0,0.327,0
C101156,2024-03-23,north,Paid Search,31.0,14,8,2,67.88,135.76,1,1,0.72,0
C101303,2022-11-12,South,Social,43.0,9,8,4,127.84,511.36,1,1,0.266,0
C101365,2023-07-14,South,Organic,60.0,19,16,5,76.53,382.65,2,1,0.287,0
C100672,2024-01-23,West,Paid Search,35.0,8,65,4,110.25,441.0,0,0,0.235,0
C100270,2023-02-01,North,Social,26.0,23,53,7,52.34,366.38,1,0,0.298,0
C100930,2023-06-30,South,Referral,42.0,14,16,2,104.39,208.78,1,1,0.314,1
C101257,2022-06-04,West,Social,43.0,7,43,2,99.49,198.98,0,0,0.543,1
C100838,2021-07-04,South,Social,53.0,12,34,5,58.25,291.25,2,1,0.356,0
C101417,2023-10-29,South,Referral,30.0,6,1,2,123.53,247.06,1,1,0.257,0
C100377,2021-10-10,South,Paid Search,35.0,15,19,2,114.91,229.82,1,1,0.301,0
C100541,2023-11-07,east,Referral,51.0,13,1,3,150.41,451.23,1,0,0.366,0
C100096,2024-08-24,South,Organic,55.0,15,1,2,77.26,154.52,0,0,0.424,0
C101320,2024-10-31,south,Organic,,15,1,4,80.17,320.68,2,1,0.114,0
C100464,2022-04-27,East,Social,,4,93,1,60.47,60.47,1,0,0.607,0
C101383,2024-06-10,West,Paid Search,37.0,17,9,2,86.45,172.9,0,1,0.276,0
C101008,2022-03-11,East,Paid Search,25.0,9,22,2,84.69,169.38,0,0,0.338,0
C100048,2021-12-15,East,Paid Search,47.0,17,52,2,,,1,0,0.097,0
C100779,2022-11-17,West,Social,63.0,5,92,1,31.05,31.05,1,1,0.386,1
C101120,2021-10-26,East,Referral,18.0,2,62,1,49.01,49.01,1,0,0.506,1
C101058,2021-05-29,South,Paid Search,61.0,2,32,1,59.44,59.44,1,1,0.251,0
C100153,2021-07-11,East,Organic,18.0,4,45,1,78.56,78.56,1,1,0.233,1
C100237,2021-12-01,East,Organic,54.0,8,86,3,100.33,300.99,1,0,0.339,1
C100054,2024-03-24,East,Organic,37.0,8,23,4,88.25,353.0,1,1,0.322,0
C100394,2024-03-20,North,Paid Search,,18,36,4,104.28,417.12,0,1,0.332,0
C100123,2022-07-21,South,Organic,41.0,3,136,1,91.46,91.46,1,1,0.111,0
C100355,2021-11-11,South,Email,62.0,7,189,1,,83.87,1,0,0.511,1
C100431,2021-01-18,East,Social,35.0,5,24,2,82.32,164.64,1,1,0.206,1
C100134,2021-11-10,East,Email,36.0,23,12,7,51.45,360.15,0,0,0.18,0
C100268,2023-09-24,North,Organic,40.0,27,32,3,78.67,236.01,1,0,0.056,0
C100385,2023-05-10,West,Paid Search,38.0,6,1,3,75.53,226.59,1,1,0.259,0
C100097,2021-05-28,North,Organic,40.0,15,44,3,96.74,290.22,2,1,0.319,1
C100220,2021-10-27,South,Organic,66.0,11,1,1,88.91,88.91,0,0,0.211,0
C100041,2021-01-20,West,Organic,41.0,7,19,3,13.23,39.69,0,0,0.5,0
C101015,2023-11-21,North,Referral,35.0,12,79,4,51.36,205.44,0,0,0.463,0
C100806,2023-09-18,East,Paid Search,64.0,5,93,1,,96.44,1,0,0.101,0
C100870,2024-04-27,East,Paid Search,46.0,20,1,7,64.48,451.36,0,0,0.09,0
C100513,2021-08-02,South,Paid Search,44.0,9,16,3,73.45,220.35,1,1,0.295,0
C101114,2024-03-12, West ,Organic,49.0,18,37,2,115.22,230.44,0,1,0.315,0
C100791,2022-08-15,South,Social,33.0,21,58,2,126.62,253.24,2,0,0.265,0
C100606,2024-07-10,West,Social,57.0,2,6,3,69.16,207.48,3,0,0.465,0
C100012,2023-07-22,East,Social,23.0,13,73,6,104.26,625.56,2,1,0.163,0
C100504,2023-11-28,South,Organic,54.0,26,56,7,117.37,821.59,0,1,0.485,0
C101351,2021-08-09,West,Paid Search,48.0,8,76,2,120.09,240.18,2,0,0.3,0
C100728,2021-04-22,South,Organic,52.0,13,18,3,109.47,328.41,0,0,0.054,0
C101283,2023-06-22,east,Paid Search,,5,23,2,89.55,179.1,1,1,0.168,0
C100652,2024-09-29,East,Referral,37.0,11,74,3,66.19,198.57,1,1,0.413,0
C100810,2021-01-02,North,Email,38.0,21,72,4,106.76,427.04,1,0,0.045,0
C101264,2022-01-01,East,Organic,35.0,10,66,5,93.96,469.8,0,1,0.163,0
C101441,2021-11-06,North,Organic,57.0,9,16,2,83.83,167.66,0,0,0.2,0
C101330,2023-06-23,East,Organic,30.0,29,6,4,41.22,164.88,0,1,0.306,0
C101260,2024-01-23,North,Social,37.0,18,12,7,163.5,,0,1,0.147,0
C100951,2023-11-19,North,Social,40.0,8,70,3,71.88,215.64,3,1,0.265,0
C100617,2022-04-11,south,Organic,38.0,17,41,2,131.91,263.82,0,1,0.066,0
C101334,2022-03-22,West,Social,62.0,12,44,5,114.89,,0,1,0.441,0
C101017,2023-07-01,West,Organic,41.0,7,42,2,53.18,106.36,0,1,0.248,0
C101088,2021-12-24,South,Paid Search,25.0,22,14,6,91.44,548.64,0,0,0.137,0
C101413,2022-11-03,West,Social,58.0,6,38,2,100.4,200.8,2,0,0.403,1
C100224,2021-08-18,South,Paid Search,,35,44,8,60.78,486.24,1,1,0.486,0
C100336,2022-10-27,North,Organic,29.0,28,13,9,29.1,261.9,0,0,0.239,0
C100232,2022-07-20,West,Social,63.0,2,17,1,72.94,72.94,1,0,0.394,1
C100568,2024-01-29,south,Organic,54.0,4,8,2,77.69,155.38,1,1,0.23,0
C100556,2023-10-26,South,Email,35.0,20,30,1,30.18,30.18,0,1,0.235,0
C101038,2021-08-07,South,Organic,18.0,6,13,4,111.09,444.36,1,1,0.269,0
C100468,2023-08-05,north,,41.0,8,25,3,74.9,224.7,0,0,0.503,1
C100887,2022-06-26,North,Organic,37.0,23,45,8,94.93,759.44,1,1,0.689,0
C100637,2021-02-24,east,Referral,,14,17,4,80.98,323.92,0,0,0.409,0
C100297,2022-06-13,West,Organic,34.0,15,221,2,47.1,94.2,1,0,0.274,1
C101064,2023-02-20,South,Social,29.0,11,74,2,80.32,160.64,2,0,0.177,1
C101071,2023-11-26,East,Social,42.0,7,31,2,48.24,96.48,0,0,0.222,0
C100473,2022-01-09,North,Paid Search,39.0,27,95,6,50.7,304.2,1,1,0.181,0
C100691,2021-06-09,West,,43.0,17,22,3,51.5,154.5,0,0,0.137,0
C100205,2023-11-21,North,Email,48.0,9,12,3,60.31,180.93,0,1,0.463,0
C100003,2022-06-06,East,Paid Search,31.0,25,28,5,49.23,246.15,3,1,0.06,0
C100945,2022-10-29,North,Social,44.0,13,7,3,84.4,253.2,0,1,0.3,0
C101402,2021-10-21,West,Organic,58.0,2,16,1,64.39,64.39,0,1,0.177,0
C101382,2023-06-10,South,Paid Search,41.0,29,54,5,95.55,477.75,2,1,0.035,0
C101063,2023-02-20,East,Paid Search,47.0,23,47,7,68.8,481.6,0,0,0.171,0
C100735,2024-07-13,east,Referral,39.0,11,273,3,55.98,167.94,1,0,0.12,0
C101069,2023-07-08,South,Email,46.0,9,98,4,,406.48,1,0,0.217,1
C101263,2024-05-06,West,Paid Search,49.0,26,46,6,100.14,600.84,0,1,0.254,0
C100783,2021-05-24,East,,42.0,8,15,2,104.13,208.26,1,0,0.539,0
C101005,2022-01-13,South,Organic,39.0,13,20,7,116.57,815.99,2,0,0.296,0
C100747,2021-04-15,South,Social,,10,71,1,62.93,62.93,0,0,0.122,0
C101215,2024-06-21,South,Organic,35.0,20,1,2,50.24,100.48,0,1,0.151,0
C100717,2022-12-29,North,Email,50.0,10,15,1,69.55,69.55,0,1,0.241,0
C101497,2022-06-25,east,Organic,27.0,12,138,2,,221.78,0,0,0.094,0
C100971,2022-05-01,North,Referral,53.0,5,7,3,108.17,324.51,0,0,0.268,0
C100572,2023-09-08,South,Organic,43.0,12,119,2,134.31,268.62,0,1,0.521,1
C100620,2024-08-07,East,Organic,50.0,14,52,2,56.46,112.92,0,0,0.184,0
C100687,2022-04-25,West,,34.0,14,21,4,151.23,604.92,1,1,0.057,0
C100800,2021-10-03,East,Email,35.0,14,1,2,87.06,174.12,1,0,0.183,0
C100668,2022-07-25,South,Paid Search,47.0,4,83,1,89.3,89.3,1,1,0.276,0
C100157,2021-12-01,East,Referral,25.0,3,92,1,36.18,36.18,0,0,0.134,0
C101227,2021-11-12,South,Organic,47.0,21,365,9,76.17,685.53,1,1,0.394,1
C101297,2023-11-13,North,Paid Search,31.0,12,5,5,105.51,527.55,1,0,0.237,0
C100462,2022-08-19, West ,Social,,8,18,2,97.43,194.86,0,1,0.294,0
C100140,2024-01-13,South,Referral,44.0,15,40,2,104.52,209.04,1,0,0.441,0
C100160,2022-08-19,North,Organic,46.0,21,1,8,17.52,140.16,3,1,0.22,0
C100305,2024-10-19,South,Social,53.0,10,12,2,82.57,165.14,3,1,0.324,0
C100395,2022-12-09,South,Organic,36.0,20,91,5,115.74,578.7,1,0,0.047,0
C100399,2023-06-28,South,Organic,39.0,18,2,6,,799.86,1,0,0.129,0
C101153,2022-07-10,North,Social,18.0,3,14,1,21.71,21.71,0,0,0.134,0
C101197,2021-06-17,East,Organic,25.0,2,109,1,10.0,10.0,0,0,0.106,0
C101247,2024-02-19, North ,Organic,63.0,17,16,4,100.92,403.68,0,0,0.086,0
C101381,2024-02-25,North,Organic,,5,41,2,122.28,244.56,2,1,0.316,0
C101287,2023-09-22,South,Paid Search,42.0,7,60,1,69.57,69.57,0,1,0.208,0
C100758,2022-03-09,North,Organic,49.0,11,18,3,81.95,245.85,1,1,0.227,0
C100982,2023-06-12,East,Organic,32.0,10,14,4,75.88,303.52,2,0,0.246,0
C100547,2022-01-05,North,Paid Search,59.0,17,35,4,32.98,131.92,1,0,0.224,0
C100457,2022-02-08,South,Organic,41.0,20,57,2,47.4,94.8,0,0,0.248,0
C101338,2021-03-25,West,Paid Search,43.0,14,39,6,84.15,504.9,1,0,0.547,0
C100478,2022-05-28,East,Social,55.0,3,52,4,75.36,301.44,0,0,0.385,0
C101113,2022-01-23,West,Referral,,12,15,2,16.58,33.16,1,1,0.211,0
C101391,2021-02-20,West,Email,44.0,5,1,1,81.21,81.21,3,1,0.542,1
C101086,2024-09-24,east,Paid Search,38.0,5,40,4,94.48,377.92,1,1,0.509,0
C101038,2021-08-07,South,Organic,18.0,6,13,4,111.09,444.36,1,1,0.269,0
C100347,2023-04-24,South,Social,40.0,5,7,2,96.61,193.22,0,0,0.178,0
C100446,2024-03-23,West,Organic,31.0,20,58,8,106.0,848.0,0,0,0.322,0
C101344,2024-03-02,West,Organic,36.0,21,87,4,103.72,414.88,0,0,0.08,0
C100379,2024-10-07,east,Social,33.0,11,43,3,87.36,262.08,0,1,0.472,1
C101301,2021-10-26,East,,40.0,10,29,2,118.05,236.1,2,0,0.119,0
C100684,2022-11-05,East,Paid Search,40.0,6,9,2,83.26,166.52,1,1,0.184,0
C101167,2023-08-29,South,Organic,41.0,3,87,1,59.24,59.24,0,0,0.125,1
C100231,2024-05-14,South,Organic,40.0,5,1,1,24.7,24.7,1,1,0.098,0
C100382,2022-04-25,East,Paid Search,54.0,10,100,3,34.55,103.65,1,0,0.683,0
C100677,2022-10-10,South,Referral,57.0,10,54,2,48.17,,0,0,0.337,1
C100072,2024-05-13,west,Social,30.0,22,18,3,65.79,197.37,2,1,0.169,0
C100070,2021-01-24,North,Paid Search,45.0,6,18,1,54.42,54.42,1,0,0.442,1
C100765,2023-10-20,north,Organic,,7,17,2,101.56,203.12,0,0,0.063,0
C100171,2024-04-08,South,Social,36.0,4,1,3,91.48,274.44,0,0,0.029,0
C100168,2023-06-17,South,Organic,45.0,6,14,3,40.47,121.41,2,0,0.141,0
C100493,2022-06-10,South,,30.0,20,3,5,26.35,131.75,1,1,0.09,0
C100585,2022-05-29,east,Organic,43.0,28,9,5,,90.35,1,0,0.398,0
C101018,2023-03-04, North ,,32.0,13,2,3,71.53,214.59,0,0,0.429,0
C100272,2023-05-23,North,Social,37.0,1,53,2,45.34,90.68,0,1,0.325,1
C101075,2022-05-30,South,Social,29.0,15,1,1,103.53,103.53,1,1,0.248,0
C100420,2024-08-08,East,Paid Search,49.0,15,61,2,73.17,146.34,1,0,0.458,0
C100094,2023-08-06,South,Referral,54.0,16,10,4,130.99,523.96,1,1,0.346,0
C101026,2023-01-12,West,Email,,23,29,6,109.45,656.7,2,1,0.258,1
C101195,2023-01-18,North,Organic,28.0,11,81,4,177.02,708.08,2,1,0.076,1
C100042,2024-08-11,East,,65.0,22,36,4,80.12,320.48,1,1,0.153,0
C100056,2024-06-05,south,Email,35.0,16,2,3,64.13,192.39,0,0,0.296,1
C101199,2023-04-04,east,Referral,44.0,7,1,1,59.8,59.8,1,0,0.085,0
C100740,2021-12-26,North,Organic,18.0,10,19,3,64.61,193.83,0,0,0.373,0
C100038,2021-01-02,North,Referral,37.0,18,100,5,89.5,447.5,0,1,0.271,0
C100306,2024-06-05,South,Organic,,9,18,3,159.67,479.01,1,1,0.373,1
C100665,2021-02-22,East,Organic,45.0,7,1,2,125.78,251.56,0,0,0.093,0
C101499,2023-01-21,East,Organic,40.0,9,207,1,101.05,101.05,0,1,0.444,0
C100408,2024-07-19,North,Referral,59.0,26,3,9,134.94,1214.46,0,1,0.089,0
C100166,2023-11-09,West,Referral,,15,2,3,43.5,130.5,2,0,0.249,0
C100534,2021-11-08,North,Organic,44.0,9,43,3,119.91,359.73,0,0,0.477,0
C100871,2021-09-06,North,,33.0,19,7,2,62.67,125.34,0,1,0.434,0
C101429,2022-11-23,South,Social,41.0,9,81,4,,284.8,1,0,0.31,1
C101070,2023-07-20,West,Organic,39.0,1,68,2,97.37,194.74,1,1,0.14,0
C101419,2021-02-18,West,Social,50.0,45,6,5,119.11,595.55,0,0,0.374,0
C100698,2021-08-11,East,Organic,40.0,34,246,7,50.75,,0,0,0.265,1
C101487,2022-07-21,South,Paid Search,45.0,17,1,6,103.79,622.74,0,1,0.124,0
C100316,2022-03-27,south,Referral,30.0,27,28,5,116.47,582.35,1,0,0.277,0
C100918,2024-06-13,South,Organic,63.0,13,16,5,77.32,386.6,1,0,0.496,0
C101292,2021-05-13,east,Social,31.0,7,45,2,,146.44,0,0,0.406,0
C100516,2021-10-26,South,Organic,51.0,3,3,1,120.83,120.83,3,1,0.446,0
C100789,2023-04-23, East ,Organic,37.0,10,42,2,10.0,20.0,0,0,0.073,0
C100533,2023-07-29,East,Paid Search,34.0,27,18,11,124.9,1373.9,1,0,0.1,0
C100708,2021-06-20,South,Organic,46.0,10,1,4,64.01,256.04,0,0,0.361,0
C101308,2022-12-18,North,Organic,38.0,16,46,5,104.08,520.4,1,0,0.273,0
C100799,2021-09-10,East,Social,55.0,28,31,6,78.53,471.18,0,0,0.267,0
C100548,2023-02-12,East,Organic,51.0,6,102,2,32.84,65.68,2,0,0.491,1
C100453,2024-07-29,north,Email,44.0,3,71,1,77.18,77.18,0,0,0.404,0
C101226,2021-02-11,South,Referral,54.0,9,17,2,118.78,237.56,1,0,0.15,0
C100671,2024-03-02,East,Organic,,19,14,6,128.43,770.58,0,1,0.031,0
C100570,2024-07-15,South,Referral,29.0,8,11,2,52.42,104.84,0,1,0.113,0
C101289,2021-04-26,East,Paid Search,28.0,8,105,2,,195.46,0,0,0.338,0
C100061,2021-05-19,south,Social,50.0,8,60,2,128.12,256.24,2,0,0.126,0
C101037,2023-09-23,South,Paid Search,40.0,9,33,3,136.51,409.53,0,1,0.279,0
C100536,2023-03-15,South,Email,37.0,14,20,2,19.35,38.7,1,0,0.532,0
C101489,2022-07-07,South,Social,31.0,12,9,2,95.92,191.84,1,1,0.632,0
C101025,2022-09-17,South,Organic,,12,23,3,55.04,165.12,2,0,0.247,0
C100244,2022-08-08,East,Social,50.0,12,57,5,126.9,634.5,1,0,0.421,0
C100025,2022-03-14,North,Organic,31.0,3,41,1,52.36,52.36,3,1,0.209,0
C100222,2022-03-23,East,Social,53.0,5,1,2,84.21,168.42,2,1,0.075,1
C101115,2024-05-02,North,Paid Search,32.0,7,32,3,65.74,197.22,1,1,0.422,0
C100105,2024-08-12,East,Organic,34.0,15,31,2,149.68,299.36,2,1,0.168,0
C100751,2023-09-07, South ,Referral,22.0,20,30,4,79.43,317.72,1,0,0.588,0
C100509,2021-02-07,North,Social,44.0,6,76,2,40.19,80.38,1,1,0.144,0
C100131,2021-03-21,West,,66.0,10,49,4,85.56,342.24,0,1,0.332,0
C100444,2024-08-11,South,,,11,20,4,115.02,460.08,0,1,0.265,0
C100650,2021-07-04,South,Social,60.0,13,119,4,60.85,243.4,2,0,0.263,1
C100508,2023-11-17,South,Organic,31.0,11,139,3,49.91,149.73,0,0,0.39,1
C100330,2022-05-08,East,Paid Search,,15,69,2,77.77,155.54,0,1,0.237,0
C100075,2021-03-24,South,Organic,61.0,18,1,1,72.03,72.03,0,0,0.14,1
C100036,2023-11-25,North,Referral,25.0,8,3,2,88.0,176.0,1,0,0.249,0
C101326,2022-04-21,South,Paid Search,53.0,23,67,7,64.62,452.34,1,0,0.294,1
C100057,2023-06-15,East,Paid Search,25.0,27,11,7,132.74,929.18,2,1,0.37,0
C100196,2021-08-19,East,Organic,36.0,12,50,3,77.84,233.52,0,1,0.597,0
C101245,2023-05-26, South ,Referral,44.0,7,72,1,107.15,107.15,2,0,0.584,1
C100715,2022-05-03,North,,44.0,1,94,1,78.51,78.51,1,1,0.556,0
C100845,2021-02-15,West,Organic,41.0,31,68,7,37.27,260.89,2,0,0.351,0
C100669,2023-07-05,South,Paid Search,63.0,15,40,6,102.77,616.62,0,1,0.443,0
C100477,2022-10-03,East,Email,51.0,6,26,1,90.71,90.71,0,1,0.064,0
C100086,2021-03-05,East,Paid Search,40.0,12,25,3,77.02,231.06,1,1,0.173,0
C100561,2021-11-10,North,Organic,63.0,13,21,2,53.3,106.6,0,1,0.368,0
C100334,2021-10-03,North,Organic,28.0,28,8,1,78.66,,1,0,0.34,0
C101388,2023-11-20,West,Organic,32.0,7,61,2,18.19,36.38,0,0,0.665,0
C101486,2021-11-19,west,Organic,18.0,11,51,2,133.4,266.8,0,0,0.435,0
C101327,2023-09-22,East,Organic,36.0,15,13,2,68.55,137.1,1,0,0.12,0
C101165,2023-07-05,West,,34.0,19,7,4,,40.0,0,1,0.365,0
C101170,2023-06-14,South,Social,52.0,5,15,1,34.63,34.63,1,1,0.269,0
C100538,2023-09-07,North,Social,57.0,13,51,1,145.24,145.24,1,0,0.274,1
C100768,2022-07-18, North ,Social,,6,41,1,58.11,58.11,0,1,0.17,1
C100418,2022-05-12,North,Social,39.0,21,7,4,104.45,417.8,1,0,0.38,1
C100956,2024-05-10,east,Social,42.0,1,25,1,40.74,40.74,0,0,0.223,0
C101407,2024-07-19,North,Organic,56.0,15,84,5,86.3,431.5,1,1,0.367,1
C100997,2024-10-08,North,Organic,26.0,9,96,5,65.87,329.35,1,1,0.284,0
C100573,2023-05-26,East,Referral,18.0,22,35,3,45.11,135.33,0,1,0.261,0
C100642,2021-03-29,North,Referral,57.0,30,71,9,20.71,186.39,0,0,0.395,0
C101275,2022-12-01,South,Paid Search,40.0,16,1,3,49.23,147.69,2,1,0.457,1
C100332,2022-05-11,East,Paid Search,45.0,7,66,2,77.28,154.56,1,1,0.254,1
C101078,2023-02-06,East,Organic,24.0,12,119,1,65.87,65.87,2,0,0.661,1
C100574,2021-12-26,West,Paid Search,42.0,6,14,2,110.23,,1,0,0.412,0
C101318,2022-05-29,East,Paid Search,55.0,7,61,2,92.17,184.34,1,0,0.394,0
C101358,2024-09-04,east,Social,31.0,14,85,1,27.74,27.74,0,1,0.188,0
C101095,2024-05-14,South,Email,48.0,19,1,2,112.53,225.06,1,0,0.266,0
C101371,2024-05-28,West,Paid Search,47.0,22,91,7,69.85,488.95,1,0,0.704,0
C101228,2023-01-15,West,Paid Search,37.0,7,29,2,20.17,40.34,1,0,0.074,0
C101102,2021-11-26,East,Paid Search,43.0,5,29,2,88.03,176.06,1,1,0.534,1
C101178,2022-01-13,north,Social,57.0,3,55,1,90.65,90.65,0,1,0.243,0
C100008,2022-05-28,North,Organic,48.0,19,82,5,56.13,280.65,1,1,0.236,0
C101357,2021-08-20,South,Paid Search,56.0,15,23,5,,484.15,0,0,0.342,0
C101293,2023-05-22,South,Email,24.0,13,14,1,58.22,58.22,1,1,0.312,0
C101370,2022-04-29,North,Social,40.0,9,92,2,156.27,312.54,0,1,0.115,0
C101021,2022-05-11,east,Social,,9,29,1,121.14,121.14,0,0,0.217,0
C101134,2023-05-22,west,Paid Search,73.0,17,29,8,39.62,316.96,0,0,0.122,0
C100760,2023-04-04,East,Social,25.0,15,1,4,61.88,247.52,0,1,0.374,0
C100074,2024-04-11,North,Organic,45.0,7,53,3,151.07,453.21,3,0,0.193,1
C100858,2022-12-31,South,Email,56.0,7,16,2,57.21,114.42,0,0,0.509,0
C100522,2022-12-28,North,Organic,42.0,9,34,3,157.37,472.11,2,0,0.256,0
C100335,2023-10-27,East,Organic,42.0,19,2,5,,550.5,0,0,0.291,0
C100569,2023-02-03,south,Paid Search,37.0,1,63,3,73.54,,0,1,0.252,1
C100590,2024-02-19,West,Paid Search,47.0,6,34,1,67.32,67.32,0,1,0.238,0
C100088,2021-11-07,North,Organic,22.0,24,10,6,20.74,124.44,0,0,0.071,1
C100736,2023-07-07,north,Organic,55.0,7,1,1,,62.01,0,1,0.329,0
C100217,2023-05-17,North,Social,59.0,14,3,5,108.69,543.45,1,0,0.299,1
C101379,2024-04-26,South,Organic,35.0,7,98,2,82.3,164.6,0,1,0.438,0
C100173,2022-12-24,West,Organic,54.0,8,19,2,98.54,197.08,1,0,0.224,0
C101385,2024-09-19,North,Organic,,9,96,5,149.26,746.3,1,0,0.351,0
C100221,2021-12-14,South,Organic,41.0,17,22,6,81.58,489.48,0,0,0.363,1
C100319,2022-12-27,West,Social,42.0,18,161,1,105.31,105.31,0,0,0.36,1
C101328,2023-05-12,South,Referral,30.0,6,107,2,66.91,133.82,2,1,0.351,0
C101347,2023-02-21,south,,48.0,10,65,3,118.99,356.97,0,1,0.082,0
C100802,2022-09-29,West,Paid Search,48.0,14,18,1,72.38,72.38,2,1,0.407,0
C100266,2022-06-30,South,Email,63.0,16,24,3,54.45,163.35,1,0,0.221,0
C100006,2024-05-25,East,Social,49.0,15,15,5,130.68,653.4,0,0,0.146,0
C101440,2022-11-26,North,Email,36.0,18,203,4,114.76,,0,0,0.161,0
C100138,2021-11-09,East,,36.0,11,73,2,85.45,170.9,1,0,0.157,0
C100163,2023-12-05,North,Organic,,9,89,4,101.55,406.2,2,0,0.594,0
C101412,2021-09-22,West,,40.0,2,30,2,70.94,141.88,1,1,0.222,0
C100594,2023-08-21,North,Email,28.0,22,15,7,108.66,760.62,0,0,0.165,0
C101421,2023-08-01,South,Organic,,9,166,1,78.45,78.45,0,0,0.428,0
C101329,2023-12-15,North,Social,36.0,15,11,3,,261.6,0,0,0.105,0
C101281,2023-10-07,South,Organic,43.0,19,92,5,109.62,548.1,0,0,0.276,0
C101431,2021-10-15,East,Organic,43.0,11,66,1,113.49,113.49,0,1,0.182,0
C100523,2024-03-08,East,Organic,63.0,6,18,2,90.77,181.54,1,1,0.369,0
C100955,2022-11-11,west,Paid Search,36.0,2,97,1,102.39,102.39,1,0,0.258,0
C100816,2021-11-21, West ,Organic,35.0,14,24,2,112.73,225.46,0,1,0.431,0
C100578,2023-05-25,West,Paid Search,57.0,16,35,4,,290.76,0,0,0.127,0
C101244,2023-07-30,South,Paid Search,50.0,19,13,4,144.85,579.4,1,1,0.356,0
C100019,2021-08-27,East,Organic,24.0,11,35,3,22.17,66.51,1,1,0.302,0
C101138,2024-08-05,North,Referral,55.0,8,25,1,92.7,92.7,0,0,0.126,1
C100633,2021-07-05,South,Email,43.0,39,1,9,62.12,559.08,0,1,0.337,0
C100762,2022-09-05,North,Paid Search,39.0,9,62,2,125.66,251.32,0,1,0.471,0
C100618,2021-08-10,North,Organic,23.0,6,1,5,61.39,306.95,1,0,0.454,0
C101337,2022-10-24,East,Organic,30.0,10,16,2,130.48,260.96,0,1,0.232,0
C100655,2021-05-03,South,Referral,21.0,13,34,3,77.18,231.54,0,1,0.457,0
C101085,2021-10-29,East,Paid Search,23.0,23,46,6,88.69,532.14,2,1,0.405,1
C100936,2021-03-09,West,Social,69.0,20,38,6,103.32,619.92,0,0,0.178,0
C100137,2021-09-02,south,Email,55.0,7,34,2,134.91,269.82,1,1,0.137,0
C100557,2021-09-15,South,Paid Search,39.0,15,32,2,129.93,259.86,4,1,0.154,0
C101233,2023-01-23,East,Paid Search,52.0,3,1,2,87.44,174.88,0,1,0.317,0
C100881,2022-10-15,East,Organic,49.0,4,1,1,76.55,76.55,0,0,0.097,1
C100863,2021-04-20,East,Referral,29.0,21,5,3,76.47,229.41,0,0,0.369,0
C101354,2022-11-18,West,Referral,,18,109,6,70.14,420.84,2,1,0.461,0
C100368,2024-01-29,South,,35.0,12,27,4,103.54,414.16,2,1,0.119,0
C101416,2022-11-01,South,Organic,36.0,5,17,4,58.32,233.28,1,1,0.399,1
C100954,2022-02-01,West,,31.0,4,36,2,89.42,178.84,0,1,0.152,0
C100327,2022-05-05,South,Paid Search,45.0,13,236,3,,310.47,0,1,0.132,0
C100317,2022-05-24,East,Paid Search,36.0,18,14,1,87.01,87.01,1,1,0.017,0
C101144,2022-03-30,South,Organic,,8,32,3,73.25,219.75,1,0,0.526,1
C101109,2021-08-15,North,Paid Search,62.0,2,17,1,122.78,122.78,1,1,0.1,0
C100528,2023-08-08,East,Paid Search,,17,43,3,77.32,231.96,0,0,0.393,1
C100526,2022-08-06,West,Referral,37.0,14,28,4,,164.84,0,0,0.611,0
C100087,2024-07-17,South,Social,47.0,6,118,5,131.9,659.5,1,1,0.184,0
C100479,2023-07-22, South ,Organic,31.0,5,96,1,139.04,139.04,1,1,0.296,0
C100338,2023-03-19,North,Referral,35.0,6,90,1,46.06,46.06,0,1,0.068,0
C100757,2024-01-18,West,Referral,63.0,11,68,3,75.6,226.8,0,1,0.316,0
C100657,2023-03-27,South,Organic,48.0,7,104,1,102.17,102.17,0,0,0.26,0
C100148,2021-03-24,South,Email,29.0,3,183,1,91.53,91.53,2,1,0.104,0
C101217,2023-01-07,East,Email,47.0,10,3,5,27.3,136.5,1,1,0.14,0
C101390,2021-02-19,West,Organic,42.0,17,7,4,68.65,274.6,2,1,0.374,0
C100028,2021-07-09,North,Organic,18.0,27,151,6,50.37,302.22,1,1,0.055,1
C100246,2022-03-27,east,Social,41.0,22,132,7,54.63,382.41,0,1,0.055,1
C100365,2024-10-02,South,Referral,31.0,14,19,2,65.3,130.6,1,1,0.31,0
C101450,2022-01-10,west,Organic,25.0,12,16,2,68.96,137.92,3,1,0.257,0
C100880,2021-04-06,South,Referral,41.0,7,60,1,57.18,57.18,1,1,0.192,0
C101131,2021-08-09,South,Paid Search,66.0,11,1,5,19.34,96.7,0,0,0.425,0
C100198,2021-10-08,North,Email,66.0,11,14,3,90.87,272.61,1,1,0.146,0
C101164,2021-02-01,North,Paid Search,34.0,32,23,7,57.29,401.03,0,1,0.437,0
C100927,2022-11-12,West,Social,57.0,4,66,1,,115.34,0,1,0.342,1
C100404,2024-09-29,West,Social,41.0,6,74,2,111.89,223.78,1,1,0.296,1
C100797,2022-04-28,North,Organic,41.0,4,8,2,72.97,145.94,1,1,0.256,0
C100483,2022-01-01,south,Organic,52.0,46,52,7,49.59,347.13,1,0,0.299,0
C100158,2023-07-09,East,Paid Search,32.0,13,72,3,112.85,338.55,1,1,0.4,0
C100315,2023-07-07,South,Paid Search,26.0,4,120,2,84.14,168.28,1,0,0.307,1
C100256,2023-03-21,West,Organic,18.0,23,1,4,35.68,142.72,0,0,0.304,0
C100007,2024-02-13,East,Paid Search,,24,70,6,99.77,598.62,1,0,0.564,0
C101193,2022-02-07,West,Email,41.0,5,41,2,122.25,244.5,1,0,0.109,1
C100384,2021-03-10,South,Paid Search,21.0,5,6,2,93.94,187.88,1,1,0.061,0
C100177,2022-06-02,West,Paid Search,41.0,23,27,4,93.26,373.04,0,0,0.4,1
C100754,2024-02-10,East,,40.0,1,125,1,115.63,115.63,0,1,0.099,0
C100314,2022-01-03,South,Referral,40.0,18,23,6,26.86,161.16,1,1,0.273,0
C100357,2022-12-06,East,Organic,18.0,8,11,2,115.29,230.58,0,0,0.247,0
C100298,2022-05-07,East,Social,60.0,3,39,1,112.3,112.3,1,1,0.265,0
C100455,2023-12-07, North ,Email,50.0,12,17,2,70.47,140.94,0,1,0.206,0
C100543,2024-07-10,West,Email,27.0,5,12,1,83.74,83.74,0,1,0.198,0
C100662,2021-11-07,North,Paid Search,40.0,29,26,5,,453.3,0,0,0.499,0
C100596,2022-10-07,East,Organic,47.0,22,43,5,116.33,581.65,0,1,0.063,0
C101378,2022-06-15,East,Paid Search,44.0,13,76,5,97.95,489.75,0,0,0.264,0
C100905,2021-01-15,East,Organic,18.0,8,1,3,105.9,,2,1,0.032,0
C100527,2024-07-15,West,Paid Search,60.0,9,52,4,60.16,240.64,1,1,0.165,0
C101259,2023-12-11,West,Paid Search,46.0,11,283,4,125.18,500.72,1,0,0.378,1
C100159,2022-10-24,East,Organic,18.0,11,34,3,35.29,105.87,0,0,0.418,0
C100935,2024-09-01,North,Email,62.0,5,38,1,40.19,40.19,0,1,0.15,0
C100360,2023-11-17,West,Social,49.0,18,92,4,143.74,574.96,0,0,0.413,0
C101325,2023-02-20,West,Social,,3,13,2,110.44,220.88,0,0,0.241,1
C100202,2023-05-25,South,Paid Search,,2,43,1,126.46,126.46,0,0,0.532,0
C100915,2023-03-23,West,Organic,36.0,33,122,8,,668.8,2,0,0.332,0
C100777,2022-07-01,North,Organic,53.0,5,21,1,68.61,68.61,2,0,0.327,0
C100112,2022-06-04,South,Referral,38.0,6,98,2,,119.86,0,1,0.375,0
C100893,2024-04-15,North,Organic,43.0,15,149,1,74.75,74.75,0,1,0.145,1
C100307,2022-11-12,East,Paid Search,40.0,30,1,7,61.46,430.22,3,0,0.124,0
C100851,2024-07-11,north,Referral,39.0,19,68,2,168.86,337.72,1,1,0.049,1
C100422,2022-09-13,North,,30.0,5,4,1,94.66,,0,0,0.213,0
C100906,2024-06-16,South,,37.0,6,78,3,103.43,310.29,0,1,0.192,1
C101242,2024-01-15,South,Organic,42.0,3,6,1,70.04,70.04,1,0,0.405,0
C100948,2024-06-11, West ,Social,41.0,8,22,1,109.38,109.38,0,0,0.054,0
C100459,2024-07-03,East,Social,31.0,3,169,1,77.34,77.34,1,1,0.192,1
C100983,2023-04-22,South,Paid Search,51.0,16,3,4,90.07,360.28,0,1,0.237,0
C101300,2024-09-10,North,Email,,6,16,2,130.3,260.6,0,0,0.372,0
C101212,2022-06-08,East,Organic,38.0,16,27,4,10.0,,1,0,0.208,0
C100922,2024-05-17,East,Referral,38.0,3,29,2,91.5,183.0,0,1,0.03,0
C100449,2022-06-29,East,Email,,10,21,2,159.14,318.28,1,0,0.095,0
C101196,2024-10-17, North ,Referral,38.0,19,1,2,91.87,183.74,2,1,0.62,0
C100679,2021-03-26,south,Email,38.0,5,42,1,30.78,30.78,1,1,0.474,0
C100692,2021-11-08,North,Social,62.0,5,154,4,,220.64,1,0,0.05,1
C100999,2023-12-26, South ,Paid Search,25.0,3,36,1,131.47,131.47,1,1,0.307,1
C100080,2022-06-27,east,Referral,52.0,4,54,1,54.99,54.99,1,0,0.287,0
C101314,2022-08-06,North,Organic,,18,16,7,112.23,785.61,0,1,0.152,0
C101345,2021-09-12,east,Social,49.0,6,8,2,66.96,133.92,1,0,0.147,1
C100782,2024-07-12,south,Paid Search,30.0,1,10,2,114.94,229.88,0,1,0.331,0
C100215,2022-06-03,East,Referral,18.0,16,12,5,88.15,440.75,1,1,0.458,0
C101268,2023-08-18,South,Referral,36.0,17,68,8,125.42,1003.36,0,1,0.368,0
C100030,2021-05-08,East,Paid Search,20.0,44,24,9,57.43,516.87,2,1,0.497,0
C100242,2023-09-16,North,Organic,61.0,4,61,1,47.92,47.92,1,0,0.547,0
C101374,2022-01-23,West,Organic,39.0,7,97,3,16.05,48.15,1,1,0.425,0
C100641,2021-12-06,west,Paid Search,37.0,32,118,8,112.46,899.68,0,1,0.328,0
C100696,2022-06-13,East,Organic,55.0,22,64,6,74.39,446.34,1,0,0.351,1
C100209,2024-10-04,south,Organic,44.0,6,17,2,75.42,150.84,1,0,0.419,0
C100835,2023-03-25,East,Social,27.0,20,70,3,87.33,261.99,0,0,0.198,0
C100770,2023-10-27,North,Social,27.0,20,9,1,57.01,57.01,2,0,0.167,0
C100752,2021-07-01,North,Paid Search,66.0,19,22,5,105.04,525.2,2,0,0.686,0
C101437,2024-03-22,south,Organic,50.0,42,19,4,100.83,403.32,0,1,0.256,0
C100435,2021-10-22,North,Organic,51.0,1,1,1,72.6,72.6,0,0,0.155,0
C101317,2024-01-01,North,Social,39.0,13,93,2,120.8,241.6,0,0,0.117,0
C101409,2021-08-01,East,Social,72.0,19,5,3,154.52,463.56,3,0,0.572,0
C101097,2023-10-13,West,Paid Search,43.0,13,74,2,34.89,,1,0,0.386,0
C100075,2021-03-24,South,Organic,61.0,18,1,1,72.03,72.03,0,0,0.14,1
C100688,2023-08-12,East,Organic,,14,8,4,139.52,558.08,0,1,0.438,0
C100551,2024-08-02,North,Organic,,12,27,2,30.35,60.7,2,1,0.359,0
C100544,2021-09-09,North,Email,50.0,7,89,3,84.38,253.14,0,1,0.246,0
C101047,2022-01-08,East,Organic,55.0,20,2,4,98.49,393.96,3,0,0.128,0
C101054,2023-06-06,South,Organic,49.0,3,19,2,139.67,279.34,1,1,0.055,0
C100866,2024-02-28,West,Organic,25.0,12,22,4,26.78,107.12,0,1,0.361,0
C101121,2023-11-13,North,Email,66.0,22,36,5,93.13,465.65,0,0,0.337,0
C100403,2024-01-15,North,Organic,73.0,8,35,4,159.34,637.36,1,1,0.241,0
C101485,2021-06-09,North,Organic,0.0,19,21,3,48.28,144.84,1,1,0.056,0
C100362,2023-07-05,North,Email,45.0,35,1,7,56.19,393.33,1,1,0.391,0
C100271,2022-05-30,North,Referral,39.0,4,1,1,50.81,50.81,1,1,0.242,0
C100466,2022-12-14,East,,,14,27,2,83.23,166.46,0,1,0.288,1
C101342,2023-04-30, South ,Paid Search,49.0,10,1,3,82.2,246.6,2,0,0.181,0
C101104,2023-11-17,north,,57.0,7,21,1,97.94,97.94,1,1,0.308,0
C100975,2021-01-16,East,Organic,28.0,5,126,2,128.69,257.38,0,1,0.122,0
C100277,2023-10-02,South,Paid Search,44.0,18,33,8,57.3,458.4,0,0,0.408,0
C101340,2023-01-27,north,Referral,56.0,17,3,3,69.03,207.09,1,1,0.427,0
C101427,2023-07-04,North,Social,49.0,12,7,6,10.0,60.0,2,1,0.279,0
C101253,2021-04-09,east,Organic,59.0,22,76,4,92.37,369.48,0,0,0.771,0
C100441,2023-09-25,North,Paid Search,42.0,11,112,3,88.15,,1,1,0.21,0
C100992,2023-05-24,East,Organic,22.0,6,1,1,88.99,88.99,0,0,0.201,0
C100786,2022-09-03,West,Referral,52.0,30,56,9,81.38,732.42,0,0,0.268,0
C101160,2024-06-23,North,Referral,40.0,12,65,4,40.94,163.76,1,0,0.467,0
C100442,2022-12-27,East,Paid Search,36.0,29,33,9,104.33,938.97,1,0,0.068,0
C100299,2022-10-21, East ,Social,38.0,29,32,7,95.95,671.65,2,0,0.351,0
C101179,2022-06-05,North,Paid Search,,5,1,3,91.09,273.27,0,1,0.16,0
C100375,2024-04-09,North,Referral,43.0,8,25,1,61.92,61.92,1,0,0.312,0
C101027,2021-07-07,South,,51.0,17,13,6,69.11,414.66,3,1,0.214,0
C101123,2024-06-03,North,Email,44.0,8,68,1,77.12,77.12,0,1,0.278,0
C101174,2024-09-06,South,Social,26.0,7,132,1,91.5,,1,1,0.069,0
C100993,2021-04-25,North,Email,32.0,14,85,4,97.63,390.52,0,0,0.053,0
C100472,2023-03-22,North,Social,,14,22,3,108.69,326.07,2,0,0.435,0
C100885,2024-03-04,South,Referral,33.0,10,87,1,117.16,117.16,0,1,0.785,1
C100563,2022-11-21,East,Organic,35.0,13,23,4,88.77,,0,1,0.26,0
C101364,2022-07-15,South,Paid Search,37.0,15,1,1,64.28,64.28,1,1,0.471,0
C100750,2023-08-26, south ,Paid Search,28.0,13,55,5,14.85,74.25,0,1,0.237,0
C100388,2022-10-23,North,Referral,49.0,9,20,3,93.99,281.97,0,1,0.278,0
C100022,2023-12-14,West,Referral,57.0,7,9,2,76.54,153.08,1,0,0.174,0
C100828,2024-10-29,West,Social,,9,18,3,38.47,115.41,1,1,0.313,0
C100124,2022-04-29,North,Paid Search,53.0,16,104,4,71.22,284.88,2,1,0.56,0
C100423,2024-06-20,North,Paid Search,56.0,11,298,3,37.87,113.61,0,0,0.171,1
C100773,2022-08-09,west,Referral,29.0,15,27,4,78.74,314.96,1,0,0.309,0
C101350,2023-03-25,East,Paid Search,24.0,18,37,4,66.89,267.56,0,1,0.522,0
C100470,2021-08-06,South,Paid Search,47.0,8,3,2,105.02,210.04,1,0,0.361,1
C100721,2023-05-01,South,Paid Search,29.0,3,20,2,89.74,179.48,1,0,0.272,0
C101315,2023-04-10,East,Social,42.0,16,49,3,101.86,305.58,1,1,0.14,0
C101349,2021-01-21,North,Paid Search,50.0,47,13,6,176.92,,5,0,0.213,0
C100142,2024-07-08, West ,Paid Search,62.0,22,161,4,97.85,391.4,1,1,0.146,0
C100050,2022-06-15,north,Organic,40.0,16,102,5,66.87,,1,0,0.372,0
C101404,2021-11-06,North,Paid Search,50.0,1,1,1,57.75,57.75,0,1,0.555,0
C101048,2023-07-02,West,Paid Search,45.0,23,38,5,114.69,573.45,1,0,0.333,0
C100623,2023-02-25,South,Organic,42.0,44,7,4,131.42,525.68,0,0,0.095,0
C101090,2024-07-29, North ,Referral,37.0,20,14,3,126.11,378.33,0,0,0.19,1
C100081,2024-04-20,South,Paid Search,,7,12,2,96.73,193.46,2,1,0.198,0
C100703,2021-07-02,West,Organic,41.0,1,233,2,60.02,120.04,0,1,0.42,0
C100482,2023-08-20,East,Referral,40.0,9,16,5,67.11,335.55,1,1,0.32,0
C100321,2021-10-16,South,Paid Search,57.0,11,1,2,63.02,126.04,0,0,0.27,0
C101307,2021-07-31,East,Social,,5,88,2,84.1,168.2,2,1,0.182,0
C100505,2021-05-09,East,Referral,28.0,11,34,2,56.33,112.66,0,1,0.312,0
C101430,2024-07-24,West,Social,18.0,4,4,2,46.46,92.92,1,1,0.186,0
C100841,2023-12-16,east,,,26,49,8,44.0,352.0,1,0,0.514,0
C100066,2021-05-13,East,Organic,44.0,15,131,5,108.09,540.45,0,0,0.582,0
C101286,2023-10-03, South ,Social,34.0,19,28,3,89.46,268.38,0,1,0.345,0
C100921,2023-12-20,West,Organic,41.0,5,22,3,141.94,425.82,1,1,0.306,0
C101331,2024-02-29,South,Paid Search,41.0,7,48,2,10.0,20.0,0,1,0.591,0
C100801,2021-05-09,South,Referral,25.0,3,123,1,36.4,36.4,0,0,0.219,1
C100856,2021-03-25,East,Paid Search,27.0,5,3,3,147.93,443.79,1,1,0.427,0
C100031,2022-01-21,west,Organic,47.0,6,1,2,68.21,136.42,3,0,0.436,0
C100795,2021-05-03,South,Organic,45.0,14,13,3,47.05,141.15,0,1,0.166,0
C100417,2022-10-10,East,Social,42.0,21,105,6,34.62,207.72,0,1,0.137,0
C100632,2022-09-18,North,Email,34.0,2,76,1,93.9,93.9,0,0,0.245,0
C101077,2021-10-09,South,Referral,,5,15,1,66.48,66.48,1,1,0.648,0
C100064,2023-05-20, east ,Referral,40.0,13,3,3,63.11,189.33,1,0,0.104,0
C100139,2023-08-10,North,Social,32.0,5,54,3,,323.1,0,1,0.403,0
C101210,2021-09-13,east,Email,40.0,11,15,3,,258.87,1,0,0.44,0
C101395,2021-10-09,North,Organic,0.0,15,11,3,52.99,158.97,0,1,0.235,0
C100077,2024-05-03, East ,Referral,,21,41,3,85.86,257.58,0,0,0.485,0
C100491,2023-01-10,East,Social,38.0,9,13,2,64.78,129.56,1,0,0.107,0
C101481,2023-01-18,North,Organic,31.0,11,62,4,98.96,395.84,0,1,0.068,0
C101140,2021-12-08,South,Social,50.0,9,14,1,80.88,80.88,0,1,0.187,0
C100532,2021-08-21,South,Paid Search,42.0,14,69,4,53.55,214.2,1,0,0.229,0
C100065,2024-05-29,East,Paid Search,36.0,11,18,2,58.2,116.4,1,1,0.085,1
C101267,2022-02-09,West,Social,35.0,2,15,1,,58.78,0,0,0.065,0
C100912,2021-04-27,West,Paid Search,47.0,5,91,2,68.9,137.8,1,1,0.422,0
C101262,2021-02-12,South,,44.0,3,28,1,92.22,92.22,1,0,0.121,0
C100296,2022-08-16,West,,53.0,5,50,3,100.39,301.17,0,1,0.222,0
C100591,2022-09-23,south,Referral,,7,49,2,110.27,220.54,0,1,0.559,0
C100419,2022-08-05,West,Email,32.0,8,15,1,112.96,112.96,1,0,0.213,1
C100767,2023-07-08,North,Paid Search,64.0,9,37,1,70.34,70.34,1,1,0.118,0
C100438,2023-09-02,East,Organic,55.0,9,19,3,152.46,457.38,1,0,0.273,0
C100261,2024-08-04,West,Organic,37.0,28,44,8,40.14,321.12,0,0,0.271,0
C100977,2024-08-01,South,Organic,24.0,16,1,2,105.04,210.08,0,1,0.033,0
C100724,2023-09-15,North,Referral,33.0,16,19,8,60.22,481.76,0,1,0.414,0
C101393,2021-07-31,North,Social,42.0,13,69,2,97.29,194.58,0,0,0.272,0
C100281,2022-01-07,North,Referral,40.0,28,7,7,81.75,572.25,2,0,0.195,0
C100626,2024-02-05,East,Paid Search,18.0,39,20,6,73.98,443.88,0,1,0.038,0
C101034,2023-07-09,South,Email,38.0,15,1,2,,163.18,0,1,0.368,0
C101278,2024-09-22,west,Organic,52.0,20,1,5,140.51,702.55,0,1,0.197,0
C101490,2024-03-06,North,Referral,36.0,10,125,1,159.65,,1,0,0.089,1
C100188,2023-08-25,east,Social,39.0,17,25,2,103.7,207.4,0,1,0.101,0
C101208,2024-01-22,South,Organic,42.0,13,1,1,72.25,72.25,2,0,0.586,0
C100251,2023-06-30,West,Organic,28.0,4,20,3,61.27,183.81,1,1,0.168,0
C100583,2023-03-19,South,Organic,,9,17,4,161.04,644.16,1,1,0.138,0
C101039,2021-02-19,North,Paid Search,63.0,13,108,4,72.92,291.68,1,1,0.215,0
C101361,2023-07-18,south,Paid Search,43.0,23,80,4,82.76,331.04,1,1,0.276,0
C100970,2021-08-22, South ,Paid Search,25.0,5,42,1,113.17,113.17,1,1,0.297,1
C100514,2021-05-02,South,Paid Search,53.0,5,29,2,19.0,,0,0,0.507,1
C100928,2022-09-08,East,Social,57.0,11,1,4,133.91,535.64,1,1,0.412,0
C100953,2022-04-07,North,Referral,51.0,4,20,2,101.7,203.4,1,1,0.433,0
C101423,2024-02-19,South,Social,20.0,10,4,2,118.41,236.82,0,1,0.161,0
C100706,2023-08-31,East,Social,36.0,5,6,2,89.02,178.04,0,0,0.129,0
C100487,2024-10-30,North,Social,34.0,3,15,2,176.07,352.14,2,0,0.26,0
C100663,2023-12-01,North,Paid Search,38.0,14,7,4,111.76,447.04,1,1,0.361,0
C101139,2022-12-22,East,Organic,34.0,4,31,1,121.26,121.26,1,1,0.372,0
C101438,2022-01-28,West,Organic,35.0,6,17,1,91.85,91.85,1,1,0.181,0
C100273,2021-01-26,East,Referral,40.0,23,1,5,107.24,536.2,1,1,0.176,0
C100685,2023-03-28,South,Organic,41.0,11,9,2,32.48,64.96,0,0,0.389,0
C101126,2024-09-23,South,Social,45.0,2,31,1,105.87,105.87,0,0,0.534,0
C101251,2021-10-18,North,Social,36.0,18,20,4,24.08,96.32,0,1,0.342,0
C100877,2021-01-30,South,Social,60.0,5,49,2,108.86,217.72,0,1,0.589,1
C101053,2022-11-04,North,Email,20.0,11,24,2,32.31,,0,0,0.321,0
C101376,2023-04-24,east,Organic,43.0,9,58,1,64.93,64.93,0,1,0.304,1
C100448,2022-05-04,north,Organic,,5,17,2,53.94,107.88,0,1,0.038,0
C100411,2022-12-18,East,Organic,21.0,8,113,1,10.06,10.06,0,0,0.151,0
C100458,2021-02-16,East,Referral,37.0,17,8,5,111.17,555.85,2,0,0.163,0
C100376,2022-05-02,West,Organic,54.0,14,105,2,70.1,140.2,0,1,0.6,1
C101313,2022-10-21, North ,Organic,56.0,14,49,1,,71.92,0,0,0.343,1
C100667,2022-05-10,West,Paid Search,,24,19,3,121.21,363.63,2,1,0.174,0
C101246,2023-01-16,East,Organic,26.0,26,4,5,10.0,50.0,1,0,0.171,0
C100149,2022-07-02,North,,26.0,29,136,7,104.16,729.12,1,0,0.594,0
C100933,2024-02-22,East,Paid Search,42.0,17,128,2,11.63,23.26,1,0,0.504,1
C101202,2022-12-29,West,Paid Search,41.0,16,1,1,64.07,64.07,1,1,0.51,0
C100733,2023-10-15,South,Email,58.0,11,11,2,125.85,251.7,0,1,0.022,0
C100218,2022-03-09,West,Social,62.0,9,7,2,,56.44,1,1,0.213,1
C100239,2023-11-24,North,Referral,34.0,3,24,1,61.73,61.73,1,1,0.06,0
C101083,2021-06-19,West,Organic,50.0,3,22,3,104.22,312.66,1,1,0.432,0
C100867,2022-02-07, East ,Paid Search,35.0,5,151,2,,173.68,0,1,0.343,0
C100725,2022-05-04,north,Organic,43.0,18,8,3,53.0,159.0,0,1,0.1,0
C100192,2022-08-31,North,Organic,47.0,19,14,8,118.17,945.36,1,0,0.097,0
C100792,2024-07-26,South,Social,30.0,10,36,1,97.92,97.92,1,0,0.329,1
C100191,2024-09-26,North,Email,34.0,7,1,1,116.74,116.74,0,0,0.067,0
C101249,2023-08-30,West,Organic,41.0,21,35,4,116.44,465.76,0,1,0.178,0
C100964,2021-04-23,west,Organic,40.0,38,18,9,63.54,571.86,0,1,0.611,0
C100985,2023-08-27,West,Paid Search,42.0,6,9,2,140.05,280.1,0,0,0.18,0
C100644,2023-06-22,East,,56.0,6,53,3,142.62,427.86,1,0,0.052,0
C100359,2021-08-01,East,Organic,73.0,13,13,3,10.0,30.0,2,1,0.464,0
C100963,2023-10-26,north,Social,44.0,9,43,3,164.15,492.45,2,1,0.629,0
C101458,2022-10-09, West ,Organic,41.0,11,34,2,,157.82,1,1,0.113,0
C100016,2023-08-20,east,Organic,45.0,27,36,11,9999.0,934.78,1,0,0.32,0
C100333,2021-09-30,West,Organic,53.0,27,1,7,103.97,727.79,2,0,0.477,0
C101211,2023-05-01,west,Organic,37.0,4,31,1,47.7,47.7,1,1,0.324,0
C100582,2024-03-07,North,Social,44.0,6,6,1,101.01,101.01,0,0,0.363,0
C101428,2021-12-16,East,Paid Search,,26,113,3,28.61,85.83,5,0,0.037,1
C101074,2021-07-03,West,Paid Search,38.0,25,7,4,130.63,522.52,2,1,0.295,0
C100839,2021-11-09,South,Organic,37.0,16,97,4,165.08,660.32,1,1,0.14,0
C100627,2023-06-28,North,Paid Search,31.0,19,1,3,111.22,333.66,0,1,0.153,0
C101462,2024-10-24,North,Organic,55.0,21,25,3,78.71,236.13,0,1,0.249,0
C100323,2023-08-30,South,Social,57.0,3,127,1,33.53,33.53,0,0,0.033,1
C100824,2021-05-25,West,,38.0,5,92,1,109.97,109.97,3,1,0.417,0
C101231,2023-09-19,East,Organic,44.0,9,8,1,57.82,,1,0,0.442,1
C100631,2024-03-16,West,Referral,40.0,14,13,3,98.68,296.04,0,0,0.207,0
C101238,2024-02-04,North,Social,41.0,2,76,2,128.52,257.04,0,1,0.504,1
C101250,2024-03-14,North,Organic,38.0,10,25,4,99.29,397.16,0,0,0.284,0
C100778,2021-06-03, East ,Referral,33.0,9,7,3,95.7,287.1,0,1,0.115,0
C101041,2022-11-19,east,Paid Search,47.0,6,116,2,62.94,125.88,1,1,0.292,1
C100939,2024-01-14,north,Referral,26.0,11,31,4,74.47,297.88,0,1,0.136,0
C100855,2021-05-28,South,Referral,41.0,4,33,1,164.14,164.14,0,1,0.231,1
C100437,2021-07-30,South,Social,32.0,15,135,4,57.64,230.56,1,0,0.182,1
C100119,2022-02-09,East,Organic,41.0,12,11,3,141.19,423.57,1,1,0.104,0
C101061,2022-08-14, East ,Social,27.0,11,25,2,125.05,250.1,1,1,0.493,1
C101169,2022-01-20,North,Paid Search,22.0,16,29,5,24.96,124.8,0,0,0.477,0
C100790,2023-09-10,North,Email,44.0,6,5,3,,93.21,3,0,0.314,0
C100341,2022-06-26,West,Social,34.0,20,121,4,80.95,323.8,0,1,0.153,1
C100815,2024-10-16,west,Organic,54.0,17,62,6,104.12,624.72,2,0,0.173,0
C100002,2021-10-23,West,Paid Search,27.0,6,27,1,95.48,95.48,1,1,0.098,1
C100229,2022-01-06,North,Paid Search,32.0,6,26,3,82.84,248.52,0,1,0.277,0
C101127,2023-01-20,East,Paid Search,54.0,7,88,1,84.42,84.42,0,1,0.216,0
C101448,2023-06-28,East,Email,50.0,15,3,4,85.48,341.92,1,0,0.553,1
C100076,2021-07-08,South,Referral,44.0,5,7,1,103.68,103.68,1,0,0.12,0
C101392,2021-07-01,North,Social,36.0,22,75,6,,393.3,1,1,0.209,0
C101016,2021-07-10,East,Organic,40.0,17,1,6,30.8,184.8,0,0,0.031,0
C101475,2023-08-27,South,Referral,53.0,13,58,4,40.78,163.12,0,1,0.142,0
C100371,2023-10-11,South,Paid Search,35.0,36,36,8,,994.32,0,0,0.115,0
C100180,2021-08-17,West,Social,35.0,16,42,3,90.25,270.75,1,1,0.05,0
C101079,2022-09-04,South,Email,31.0,18,62,3,90.6,271.8,0,1,0.227,1
C101478,2024-02-27,South,,44.0,8,11,3,149.9,449.7,0,1,0.29,0
C100941,2023-02-24, West ,Organic,43.0,36,55,9,90.18,811.62,1,1,0.538,0
C100577,2023-08-09,East,,69.0,6,30,2,,118.74,2,1,0.075,0
C100819,2021-10-09,south,,60.0,17,3,5,65.28,326.4,1,0,0.152,1
C101098,2023-10-08,West,Email,43.0,9,1,2,44.57,89.14,0,1,0.483,0
C101116,2022-02-06,North,Organic,,7,26,1,188.54,188.54,0,0,0.124,0
C101294,2022-11-05,South,Referral,23.0,15,104,1,55.94,55.94,1,0,0.299,1
C101285,2021-04-14,West,Social,51.0,10,42,2,33.86,67.72,1,0,0.289,1
C100062,2021-10-05,east,Referral,18.0,9,63,1,70.12,70.12,1,1,0.12,0
C100589,2022-07-18,North,Paid Search,34.0,23,32,3,136.48,409.44,2,0,0.107,0
C100886,2021-04-09,South,Email,51.0,18,21,6,68.48,410.88,0,1,0.235,0
C100968,2021-10-10,East,,29.0,3,32,3,59.28,177.84,0,0,0.427,0
C101125,2024-01-13,East,Paid Search,51.0,39,52,5,113.56,567.8,3,0,0.18,0
C100785,2022-02-11,South,,38.0,19,24,4,28.76,115.04,0,0,0.125,0
C101151,2022-04-14,West,Paid Search,43.0,9,91,2,13.39,26.78,0,0,0.333,0
C100311,2022-04-08,South,Paid Search,64.0,21,30,5,90.64,453.2,0,1,0.029,0
C101205,2021-09-27,North,Paid Search,32.0,23,81,1,56.02,56.02,1,0,0.057,1
C100301,2023-10-04,North,Social,51.0,16,18,6,77.16,462.96,0,0,0.296,0
C100722,2021-12-31,North,Paid Search,35.0,8,22,3,106.35,319.05,0,0,0.111,0
C100689,2021-12-15, South ,Email,29.0,12,13,2,94.6,189.2,1,0,0.303,0
C100812,2024-03-11,West,Paid Search,49.0,33,22,4,63.66,254.64,1,0,0.554,0
C100037,2024-01-30,South,Social,57.0,22,1,5,122.36,611.8,1,1,0.336,0
C100353,2023-10-09,east,Referral,41.0,3,73,2,91.34,182.68,1,1,0.122,0
C101384,2021-01-10,West,,46.0,34,51,9,90.18,811.62,1,0,0.307,0
C100714,2024-06-18,east,Email,38.0,8,49,2,78.36,156.72,1,1,0.181,0
C100980,2023-10-06,West,Paid Search,33.0,15,1,2,87.96,175.92,0,0,0.522,0
C100236,2023-10-07,South,Referral,30.0,18,42,2,10.44,20.88,1,0,0.248,0
C101256,2024-10-31,East,Referral,49.0,5,27,2,,274.72,1,0,0.692,0
C100962,2024-05-13,North,Organic,39.0,6,44,1,46.44,46.44,0,0,0.557,0
C101194,2024-08-17,west,Referral,,16,15,5,61.95,309.75,1,1,0.172,0
C100729,2024-07-10,South,Social,36.0,4,1,1,64.57,64.57,0,1,0.355,0
C101241,2021-08-24,South,Referral,,13,26,1,132.59,132.59,2,1,0.31,0
C101171,2024-02-21,East,Paid Search,35.0,3,20,1,51.36,51.36,0,1,0.396,0
C100499,2024-09-02,South,Paid Search,50.0,16,1,4,85.97,343.88,2,1,0.243,0
C101444,2024-01-28,North,Organic,37.0,35,95,6,,505.8,0,1,0.317,1
C100553,2021-11-20,West,Referral,32.0,5,40,2,59.44,118.88,0,0,0.217,0
C100055,2024-05-29,East,Referral,35.0,8,20,3,103.77,311.31,0,1,0.221,0
C100302,2024-05-30,South,Organic,42.0,21,32,4,117.6,470.4,0,0,0.448,0
C100794,2024-07-12,North,Organic,37.0,19,6,3,53.19,159.57,0,0,0.136,0
C100286,2023-06-07,North,Paid Search,54.0,13,16,3,68.69,206.07,0,0,0.417,0
C101145,2021-03-15,South,Referral,18.0,6,25,1,48.15,48.15,1,1,0.266,1
C100219,2021-11-10,South,Referral,46.0,3,5,1,106.28,106.28,1,1,0.144,0
C100900,2023-08-21,South,Social,70.0,13,35,4,32.01,128.04,1,1,0.128,0
C100990,2023-10-19,East,Email,50.0,19,7,3,154.08,462.24,0,0,0.102,0
C101028,2024-05-11,East,Referral,63.0,2,59,1,115.13,115.13,0,0,0.237,0
C100934,2023-09-23,east,Social,30.0,10,30,2,55.12,110.24,1,1,0.219,0
C100387,2024-03-10, West ,Organic,25.0,17,1,4,99.59,398.36,0,1,0.374,0
C100304,2023-04-26,West,Social,42.0,13,9,3,47.52,142.56,0,1,0.387,0
C100390,2021-09-15,East,Organic,43.0,12,51,5,76.14,380.7,1,0,0.405,0
C100743,2023-07-29,North,Organic,39.0,24,94,7,27.92,,0,0,0.349,0
C100352,2023-06-24,East,Paid Search,41.0,26,20,15,65.78,,1,1,0.238,0
C100235,2021-07-08,West,Social,38.0,3,24,1,91.25,91.25,1,1,0.346,1
C101277,2022-08-03,North,Paid Search,52.0,5,34,1,123.15,123.15,0,1,0.276,1
C100480,2023-05-18,South,Referral,42.0,14,53,4,74.96,299.84,0,0,0.265,0
C100567,2024-06-24,north,Email,33.0,10,126,3,109.62,328.86,0,1,0.111,0
C101261,2023-07-30,South,Email,45.0,24,23,5,117.03,585.15,2,1,0.395,0
C101396,2024-02-02,South,Email,31.0,3,60,2,106.44,212.88,0,0,0.403,0
C101172,2021-04-08,South,Paid Search,46.0,18,53,5,76.64,383.2,0,1,0.289,0
C100120,2022-03-26,East,Organic,,2,4,1,,89.67,2,0,0.211,0
C101291,2022-12-26,East,Organic,37.0,12,61,3,,165.87,0,1,0.114,0
C101024,2024-10-16,East,Email,65.0,8,20,3,28.13,84.39,1,0,0.166,0
C100926,2024-06-27,North,Organic,18.0,18,179,4,54.58,218.32,0,0,0.299,0
C100515,2023-07-31, north ,Paid Search,55.0,7,1,3,72.03,216.09,2,1,0.078,0
C100223,2023-05-17,West,Social,37.0,13,37,3,92.16,,1,0,0.125,0
C101105,2021-01-21,East,Organic,44.0,15,54,2,114.01,228.02,0,0,0.267,0
C100613,2023-05-31,West,Social,59.0,3,29,3,33.94,101.82,0,0,0.479,0
C100843,2021-11-13,South,Organic,34.0,37,5,6,125.17,751.02,0,1,0.228,0
C100052,2021-10-22,east,Paid Search,58.0,11,61,3,113.33,339.99,0,0,0.456,1
C101380,2021-12-14,South,Organic,35.0,8,10,4,80.67,322.68,1,0,0.169,0
C100485,2023-05-18,South,Email,39.0,3,40,1,9999.0,76.28,0,0,0.074,0
C101432,2022-04-07,North,Social,44.0,16,70,8,39.15,313.2,0,1,0.335,0
C100818,2022-10-04,East,Paid Search,26.0,1,13,2,115.68,231.36,1,0,0.247,0
C100155,2021-05-10,East,Paid Search,31.0,13,29,3,130.36,391.08,1,1,0.223,1
C100600,2024-03-06,South,Social,55.0,5,42,3,28.75,86.25,4,1,0.33,1
C101200,2023-12-05,east,Social,22.0,11,13,6,125.77,754.62,3,1,0.147,0
C100248,2022-11-28,South,Paid Search,58.0,15,61,6,,689.46,0,1,0.296,0
C100761,2021-04-06,North,Email,37.0,46,101,13,10.0,130.0,0,1,0.112,0
C101368,2024-01-12,North,Email,63.0,11,28,5,116.92,,1,0,0.378,0
C100542,2023-12-15,West,Social,43.0,3,1,2,153.54,307.08,0,0,0.13,0
C100793,2023-07-30,North,Paid Search,28.0,2,5,1,72.62,72.62,0,1,0.23,0
C101089,2023-03-16,South,Paid Search,35.0,12,1,1,173.85,173.85,0,0,0.334,0
C100628,2023-11-14,East,Organic,42.0,5,1,1,65.02,65.02,0,1,0.135,0
C100150,2023-11-11,West,Organic,52.0,20,28,5,111.71,558.55,2,0,0.087,0
C100291,2022-06-12,North,Paid Search,45.0,14,46,3,78.8,236.4,0,0,0.275,0
C100381,2024-10-05, west ,Social,29.0,6,41,2,74.65,149.3,0,1,0.165,1
C100686,2022-07-18,South,Referral,49.0,13,72,2,85.16,170.32,1,1,0.748,1
C100897,2023-05-28,North,Organic,35.0,14,54,2,75.58,151.16,3,1,0.58,1
C100854,2023-02-14,North,Paid Search,33.0,4,1,2,76.04,152.08,1,1,0.46,0
C101495,2023-02-19,East,Paid Search,,17,88,3,79.21,237.63,1,0,0.174,0
C101142,2022-05-27,west,Social,,3,5,1,108.53,108.53,0,0,0.451,0
C101266,2023-10-22,North,Paid Search,31.0,6,1,1,160.78,160.78,0,0,0.329,0
C100891,2021-09-29,West,Referral,29.0,15,77,4,133.93,535.72,0,1,0.249,0
C101498,2024-09-21,south,Email,45.0,15,28,3,25.77,77.31,2,1,0.234,0
C100615,2024-01-09,East,Email,,5,42,2,190.93,381.86,0,0,0.384,0
C100154,2023-03-10,North,Email,67.0,6,80,2,71.3,142.6,1,1,0.123,0
C101493,2023-09-05,East,Paid Search,26.0,18,48,6,60.08,360.48,1,1,0.368,0
C100322,2022-12-04,south,Paid Search,61.0,13,198,1,67.98,67.98,0,0,0.211,1
C101157,2024-08-03,North,Social,46.0,10,106,3,77.42,232.26,1,1,0.289,0
C100082,2024-07-24,West,Paid Search,,17,16,3,74.89,224.67,0,1,0.341,0
C100512,2021-10-24,North,Organic,46.0,16,7,3,58.51,175.53,1,1,0.065,0
C101141,2022-07-31,East,Referral,39.0,5,49,1,19.41,19.41,0,0,0.147,1
C100929,2024-01-08,East,Referral,65.0,25,26,6,30.96,185.76,0,1,0.332,0
C101224,2023-08-11,North,,61.0,7,58,3,83.18,249.54,1,0,0.172,1
C100010,2021-01-08,South,Organic,39.0,1,80,1,163.45,163.45,1,1,0.166,0
C100831,2021-07-17,East,Paid Search,49.0,10,28,1,70.02,70.02,0,1,0.339,0
C100032,2023-06-06,South,Social,40.0,43,10,13,69.17,899.21,1,0,0.428,0
C100413,2023-06-18,West,Paid Search,20.0,15,73,7,56.44,395.08,1,1,0.272,0
C100580,2023-07-10, South ,Paid Search,76.0,15,36,2,66.78,133.56,0,0,0.195,0
C101159,2022-07-05,east,Organic,,19,1,7,33.01,231.07,0,1,0.22,0
C101425,2022-01-15,South,Social,38.0,11,1,2,91.95,183.9,0,1,0.154,0
C100614,2021-06-23,South,Organic,28.0,14,1,5,30.9,154.5,0,1,0.161,0
C101045,2023-11-12, South ,Paid Search,27.0,8,28,1,78.15,78.15,0,0,0.326,0
C101014,2021-12-20,South,Organic,33.0,23,235,5,105.57,527.85,1,0,0.212,0
C100089,2024-09-07,South,Organic,50.0,19,47,6,129.55,777.3,0,1,0.324,0
C101272,2023-12-04,South,Referral,34.0,19,37,4,65.86,263.44,0,1,0.162,0
C100601,2021-03-09,East,Organic,49.0,10,77,2,35.49,70.98,0,0,0.24,0
C100133,2024-03-24,South,Social,50.0,24,88,3,78.49,235.47,0,0,0.194,0
C100555,2024-06-29,North,,18.0,10,138,1,72.22,72.22,0,0,0.171,0
C101031,2023-01-12,East,Social,50.0,8,32,2,121.5,243.0,0,1,0.169,0
C101173,2023-02-20,East,Paid Search,57.0,20,13,2,42.69,85.38,1,1,0.301,0
C100320,2021-05-17,West,Email,36.0,14,51,3,82.92,248.76,0,1,0.608,0
C101321,2023-07-25,South,Social,18.0,6,34,1,143.92,143.92,1,1,0.554,1
C101299,2022-06-24, South ,Referral,41.0,18,1,5,48.01,240.05,1,1,0.47,0
C100634,2023-02-22,North,Paid Search,,9,31,2,65.72,131.44,0,1,0.436,0
C100552,2021-04-10,north,Paid Search,21.0,11,21,3,153.25,459.75,0,0,0.126,0
C101055,2021-10-21,East,Social,,6,25,2,,71.82,0,1,0.013,0
C101166,2024-05-11,West,Referral,52.0,16,20,3,118.34,355.02,0,0,0.566,0
C100796,2023-07-24,North,Social,19.0,12,28,2,92.01,184.02,0,1,0.081,0
C101449,2022-02-04, North ,,49.0,8,81,3,52.78,158.34,0,0,0.127,0
C101279,2021-02-15,East,Organic,51.0,18,10,3,93.29,279.87,2,0,0.8,0
C100174,2023-12-30,North,Referral,54.0,19,200,1,102.48,102.48,0,1,0.67,1
C100766,2022-02-06,North,Referral,60.0,16,96,2,69.34,138.68,2,1,0.169,1
C100245,2022-07-29,West,Social,18.0,11,126,3,77.02,231.06,2,0,0.215,0
C101080,2022-09-28,North,Organic,33.0,5,59,1,77.86,77.86,1,0,0.22,0
C101298,2023-07-17, east ,Social,50.0,19,40,4,96.22,384.88,1,1,0.18,0
C100145,2021-11-17,South,Paid Search,51.0,7,21,4,116.54,466.16,0,0,0.27,0
C100090,2021-01-23,North,Organic,51.0,19,17,7,54.19,379.33,0,1,0.171,0
C100682,2023-02-19, North ,Referral,51.0,31,160,4,151.62,606.48,0,1,0.158,1
C100310,2021-02-02,south,Organic,41.0,22,6,5,64.37,321.85,1,0,0.467,0
C100093,2022-12-20,South,Paid Search,30.0,13,43,1,52.69,52.69,0,1,0.717,0
C101452,2023-09-09,West,Organic,40.0,21,93,6,108.25,649.5,0,0,0.27,0
C100924,2022-08-21,North,Email,38.0,34,20,8,21.37,170.96,1,0,0.392,0
C101265,2022-12-07,West,Email,51.0,33,31,6,85.65,,1,0,0.262,0
C101035,2022-06-24,East,Social,49.0,9,153,4,74.32,297.28,1,1,0.423,0
C100243,2021-02-25,South,Email,49.0,12,99,1,96.61,96.61,0,0,0.297,1
C101111,2021-11-13,South,Referral,37.0,11,13,3,79.25,,1,0,0.1,1
C100214,2024-01-24,East,Paid Search,29.0,13,96,2,71.19,142.38,1,1,0.198,0
C100998,2021-11-08,West,Referral,59.0,13,72,4,60.17,240.68,0,0,0.223,1
C100853,2024-07-30,West,Paid Search,55.0,3,11,1,56.37,56.37,1,1,0.166,1
C100425,2022-08-16,West,Organic,39.0,5,34,5,,455.15,0,0,0.367,0
C101316,2022-06-12,East,Organic,64.0,10,69,1,72.83,72.83,3,0,0.191,1
C100226,2024-07-13,North,Paid Search,18.0,11,1,3,126.44,379.32,0,1,0.368,0
C101221,2024-04-06,North,Referral,53.0,34,4,8,38.94,311.52,0,0,0.111,0
C100000,2021-11-12,East,Social,75.0,22,38,7,137.52,962.64,2,1,0.132,0
C100401,2022-10-08,West,Organic,36.0,8,88,2,167.6,335.2,0,0,0.467,1
C101103,2022-03-07,West,Referral,60.0,11,33,1,118.84,118.84,0,0,0.396,0
C100084,2022-10-07,North,Social,30.0,22,63,3,120.5,361.5,0,1,0.125,0
C100162,2022-06-30,North,Referral,29.0,31,82,5,90.56,452.8,1,0,0.554,0
C100114,2022-09-09,north,Referral,38.0,18,28,10,,871.2,0,1,0.056,0
C100670,2023-03-19,north,Paid Search,51.0,15,16,2,99.13,,1,1,0.053,0
C101143,2023-10-14,West,Referral,47.0,18,18,4,61.96,247.84,0,1,0.062,0
C100889,2024-07-21,East,Organic,36.0,2,83,1,129.83,129.83,1,1,0.309,0
C100625,2022-03-03,South,Paid Search,62.0,8,40,1,51.05,51.05,0,1,0.112,0
C101466,2021-02-06,South,Paid Search,25.0,6,92,2,133.3,266.6,0,0,0.351,0
C100952,2021-08-22,North,Social,27.0,25,15,5,34.46,172.3,0,1,0.443,0
C100807,2021-09-02,North,Paid Search,21.0,11,43,3,138.02,414.06,0,1,0.195,0
C100258,2024-07-17,north,Email,42.0,7,98,3,145.6,436.8,0,1,0.205,0
C100624,2022-08-08,west,Paid Search,42.0,15,5,3,114.43,343.29,0,1,0.361,0
C100826,2024-04-02,East,Organic,42.0,9,76,1,91.94,,0,1,0.383,0
C100234,2022-08-20,West,,22.0,6,20,2,83.65,167.3,0,0,0.351,0
C100135,2023-09-09,North,Paid Search,29.0,9,11,1,126.95,126.95,1,0,0.373,0
C100616,2024-04-12,East,Organic,39.0,16,72,4,136.74,546.96,2,0,0.201,0
C100836,2023-06-14,East,Referral,63.0,14,1,5,56.29,281.45,0,1,0.449,0
C100842,2021-03-24,South,Social,38.0,8,142,1,50.55,50.55,1,1,0.683,1
C100959,2024-08-03,South,Paid Search,39.0,3,1,2,74.92,149.84,0,0,0.211,0
C100592,2023-03-19,South,Social,19.0,5,23,1,64.21,64.21,0,1,0.365,0
C100343,2024-05-30,East,Email,28.0,9,36,1,93.95,93.95,2,0,0.071,0
C101237,2023-08-07,South,Paid Search,27.0,17,24,3,39.08,,1,0,0.221,0
C100293,2024-10-04,North,Social,39.0,11,22,3,79.91,239.73,1,0,0.388,0
C100364,2024-04-26,East,Social,57.0,15,8,4,73.22,292.88,1,0,0.188,0
C100178,2023-02-26,West,Referral,38.0,5,29,2,10.0,20.0,1,0,0.217,0
C100659,2024-05-29,South,Organic,37.0,16,115,2,28.42,56.84,2,0,0.71,0
C100996,2021-01-04,East,Social,38.0,14,61,2,57.53,115.06,0,0,0.096,0
C100014,2022-02-13,South,Referral,29.0,14,64,4,87.99,351.96,2,0,0.105,0
C101110,2021-02-20,North,Referral,43.0,30,1,4,150.82,603.28,2,1,0.194,1
C100165,2021-08-13,South,Referral,51.0,30,49,8,36.55,292.4,2,0,0.478,0
C101408,2024-03-14,West,Email,43.0,2,11,2,57.52,115.04,1,0,0.143,0
C100059,2023-08-26,North,Referral,60.0,11,1,2,55.04,110.08,0,1,0.185,0
C100709,2021-09-25,South,Organic,38.0,12,10,4,85.06,340.24,0,0,0.504,0
C100676,2023-02-19,West,Paid Search,30.0,6,49,2,58.4,116.8,0,1,0.345,1
C100780,2021-12-01,South,Paid Search,26.0,5,40,1,92.74,92.74,0,0,0.164,1
C100424,2023-01-15,East,Organic,46.0,15,1,2,48.9,97.8,1,1,0.161,0
C100292,2024-03-17,West,,51.0,15,28,4,51.58,206.32,0,1,0.405,0
C101065,2022-06-12,west,Paid Search,51.0,9,21,2,127.69,255.38,0,1,0.123,0
C101353,2022-06-08,south,Paid Search,35.0,21,28,2,60.51,121.02,2,1,0.316,0
C100329,2021-04-06,South,Paid Search,51.0,26,115,2,34.62,69.24,1,1,0.317,0
C100429,2023-05-15,West,Paid Search,32.0,8,30,2,81.86,163.72,0,0,0.274,0
C101012,2022-11-14,South,Organic,59.0,23,25,5,26.67,133.35,1,1,0.35,0
C100079,2021-11-05,East,Referral,41.0,6,129,1,79.22,79.22,0,1,0.055,1
C101052,2024-09-21,South,Social,59.0,19,61,3,95.3,285.9,0,1,0.022,0
C100937,2023-02-16,North,Social,48.0,8,1,2,99.47,198.94,1,0,0.146,0
C100834,2024-03-07,East,Paid Search,37.0,14,4,2,87.89,175.78,1,0,0.57,0
C100749,2021-04-09,West,Paid Search,,16,58,2,43.14,86.28,1,1,0.515,0
C100890,2023-11-22,South,Social,43.0,18,12,1,64.32,64.32,1,1,0.338,0
C100254,2023-10-25,North,Paid Search,33.0,37,55,12,65.15,781.8,0,1,0.163,0
C101465,2022-07-03,East,Paid Search,44.0,17,48,5,,485.65,3,1,0.221,0
C101108,2023-06-27,West,Social,40.0,8,81,1,72.25,72.25,2,0,0.266,0
C100136,2022-08-13,west,Paid Search,,14,106,4,72.3,289.2,2,1,0.589,1
C101135,2022-08-03,South,Paid Search,35.0,21,14,8,73.34,586.72,1,1,0.36,0
C100852,2023-10-03,West,Organic,28.0,5,1,4,24.63,98.52,1,1,0.084,1
C100723,2021-05-26,West,Organic,42.0,36,55,3,110.38,331.14,1,0,0.249,1
C100859,2021-10-22,South,Organic,42.0,11,21,1,61.29,61.29,1,1,0.013,0
C100969,2023-11-19,North,Paid Search,38.0,18,66,4,85.66,342.64,1,1,0.19,0
C100496,2021-04-03,South,Organic,65.0,19,148,2,132.29,264.58,2,0,0.167,0
C100950,2022-03-06,South,,40.0,19,26,5,123.32,,2,0,0.321,0
C100805,2021-07-03,North,Paid Search,39.0,14,50,8,68.0,544.0,0,1,0.436,0
C100129,2021-07-10,East,Paid Search,37.0,4,22,3,,184.62,1,0,0.275,0
C100337,2023-08-31,East,Paid Search,30.0,11,46,2,141.15,282.3,2,1,0.078,0
C101494,2022-06-13,South,Social,39.0,30,5,6,88.51,531.06,1,0,0.224,0
C100608,2023-10-21,East,Paid Search,,6,38,3,101.49,,0,1,0.339,0
C101148,2021-12-18,south,Social,45.0,2,218,1,117.65,117.65,0,1,0.259,0
C100195,2023-10-12,North,Paid Search,28.0,14,83,5,76.89,384.45,1,1,0.179,0
C101480,2023-01-07,South,Social,24.0,23,29,3,120.67,362.01,1,1,0.025,0
C100909,2023-03-04,South,Email,44.0,10,1,3,97.74,293.22,0,1,0.489,0
C100584,2021-01-26,West,Social,35.0,1,35,1,94.74,94.74,0,1,0.501,1
C100103,2021-06-28,West,Referral,48.0,59,26,9,10.0,90.0,0,0,0.136,0
C101386,2021-01-04,East,Organic,33.0,18,59,2,,182.08,0,1,0.311,0
C101400,2023-01-27,south,Paid Search,60.0,11,15,3,18.32,54.96,0,1,0.495,1
C100719,2023-01-17,West,Paid Search,,4,26,2,23.02,46.04,0,1,0.22,0
C100884,2021-05-05,North,Organic,55.0,14,3,2,,89.9,1,0,0.174,0
C100776,2024-08-02,East,Social,38.0,7,10,2,61.63,123.26,1,0,0.194,1
C100849,2021-10-28,West,Organic,67.0,20,20,3,117.74,353.22,1,1,0.235,1
C100894,2021-12-13,East,Social,36.0,23,77,6,134.0,804.0,0,1,0.133,0
C100227,2024-09-12,East,Referral,57.0,3,67,1,60.36,60.36,1,1,0.158,0
C101410,2021-03-22,West,Social,38.0,17,22,4,75.71,302.84,0,1,0.238,0
C100126,2023-11-19,South,Paid Search,52.0,6,42,2,127.78,255.56,1,0,0.348,0
C100405,2023-02-10,West,Paid Search,37.0,17,73,2,131.91,263.82,1,0,0.183,0
C100775,2022-06-19,West,Organic,36.0,13,59,1,109.24,109.24,1,0,0.434,1
C100821,2022-11-29,East,Organic,60.0,10,1,3,120.55,361.65,2,1,0.153,0
C100711,2024-09-29,East,Paid Search,26.0,20,170,3,81.6,244.8,1,1,0.121,1
C101414,2021-01-24,North,Paid Search,62.0,15,58,5,128.22,641.1,0,0,0.27,0
C101060,2022-12-10,West,Social,,5,1,2,66.49,132.98,1,0,0.488,0
C101163,2024-10-15,North,Organic,,10,1,1,84.11,84.11,0,1,0.309,0
C100303,2024-05-22,South,Social,38.0,20,132,3,40.93,122.79,3,0,0.388,1
C100267,2024-01-06, North ,Organic,39.0,26,66,9,,509.4,2,1,0.458,1
C100545,2022-08-26,South,Organic,44.0,10,23,4,64.63,258.52,0,1,0.061,0
C100212,2022-07-22,North,Email,51.0,5,14,2,32.42,64.84,0,1,0.041,0
C100896,2023-01-17,South,Organic,44.0,20,39,4,164.5,658.0,2,1,0.144,0
C101222,2023-07-07, West ,Paid Search,39.0,33,17,6,62.05,372.3,1,0,0.316,0
C100916,2024-08-29,North,Organic,,13,60,7,91.13,637.91,2,0,0.271,0
C100675,2023-06-05,South,Social,40.0,8,15,3,83.26,249.78,0,1,0.104,0
C100814,2022-08-14,North,Paid Search,63.0,19,38,8,,623.2,1,1,0.095,0
C100342,2022-01-02,west,Organic,43.0,6,121,4,76.56,306.24,0,1,0.373,0
C100549,2021-07-03,South,Paid Search,45.0,41,3,7,24.71,172.97,1,1,0.624,0
C101214,2024-07-30,South,Referral,33.0,10,19,1,15.39,15.39,0,1,0.345,0
C100966,2023-08-04,West,Referral,42.0,3,14,1,78.54,78.54,0,1,0.378,0
C101230,2021-10-05,North,Organic,57.0,23,110,6,81.58,489.48,1,1,0.285,1
C100295,2022-10-07,West,Organic,,9,70,1,67.22,67.22,1,1,0.415,0
C100695,2022-08-01,South,Referral,42.0,5,55,3,91.86,275.58,1,0,0.524,0
C100073,2024-06-16,north,Referral,24.0,4,159,1,97.21,97.21,0,0,0.23,1
C100605,2024-01-14,East,Social,47.0,37,24,11,66.01,726.11,0,0,0.082,0
C100104,2023-10-15,East,Organic,43.0,13,36,2,72.38,144.76,0,1,0.03,0
C100645,2023-05-16,West,Email,30.0,15,93,3,104.32,312.96,1,1,0.132,0
C101469,2022-03-05,North,Organic,41.0,24,4,5,117.35,586.75,1,1,0.112,0
C101040,2022-08-07,North,Paid Search,39.0,2,6,2,130.66,261.32,1,0,0.171,1
C100439,2021-11-25, East ,Organic,64.0,9,22,1,25.83,25.83,0,0,0.243,1
C101019,2023-10-16,South,Organic,18.0,7,30,1,72.91,72.91,0,0,0.306,1
C100091,2024-07-19,East,Organic,43.0,10,136,2,92.4,184.8,1,1,0.258,0
C101112,2021-06-15,East,Paid Search,36.0,31,10,8,63.59,508.72,1,1,0.375,0
C101312,2022-01-17,East,Social,47.0,32,5,8,103.45,827.6,1,0,0.284,0
C100908,2023-07-01,South,Paid Search,39.0,9,16,3,121.59,364.77,0,0,0.192,0
C100102,2023-08-07,South,Social,26.0,36,1,7,59.55,416.85,0,0,0.527,0
C100238,2021-11-23,North,Paid Search,45.0,16,59,4,88.27,353.08,1,0,0.05,0
C101276,2022-06-22,north,Social,30.0,14,55,4,,545.96,0,1,0.169,0
C100942,2024-01-01,North,Organic,39.0,7,122,2,90.12,180.24,1,0,0.327,1
C100938,2021-02-13,West,Paid Search,42.0,15,11,8,,80.0,2,0,0.283,1
C101181,2022-08-25,North,Referral,54.0,5,106,2,88.33,176.66,1,1,0.201,1
C100005,2021-10-02,West,Paid Search,53.0,13,44,2,40.35,80.7,0,0,0.335,0
C101360,2021-11-14,East,Paid Search,57.0,18,23,4,95.06,380.24,1,0,0.122,0
C100965,2023-10-21,South,Social,30.0,9,68,4,145.22,580.88,1,1,0.108,0
C100018,2022-03-23,west,Organic,20.0,22,83,4,147.96,591.84,1,1,0.028,0
C100121,2024-01-27,East,Paid Search,26.0,13,6,5,144.3,721.5,4,1,0.275,0
C100661,2021-11-08,West,Organic,47.0,2,14,1,78.83,78.83,0,0,0.046,0
C101264,2022-01-01,East,Organic,35.0,10,66,5,93.96,469.8,0,1,0.163,0
C100274,2021-04-09,East,Social,52.0,8,19,2,83.55,167.1,1,0,0.171,0
C100433,2022-10-29,West,Referral,40.0,6,55,1,60.65,60.65,1,1,0.383,1
C100811,2022-02-14,North,Organic,26.0,6,47,1,,122.95,0,0,0.048,0
C101401,2024-01-03,North,Email,52.0,12,17,4,33.39,133.56,1,1,0.216,0
C101453,2024-07-05,West,Email,33.0,8,118,3,121.7,365.1,0,1,0.052,0
C100181,2023-04-13,West,,63.0,17,75,4,104.74,,1,0,0.319,0
C100184,2023-10-28,East,Organic,39.0,21,13,4,46.8,187.2,2,0,0.265,0
C100406,2023-06-19, South ,Paid Search,,8,27,3,73.8,221.4,1,0,0.404,0
C100865,2023-11-18, West ,Social,34.0,11,12,3,112.1,336.3,0,1,0.36,0
C100520,2024-04-08,West,Social,57.0,18,41,1,56.01,56.01,0,0,0.465,0
C101003,2023-11-24,North,Referral,30.0,32,71,5,108.38,541.9,1,0,0.266,0
C100380,2021-05-04,East,Paid Search,,3,40,1,43.17,43.17,0,0,0.275,0
C100427,2024-04-01,West,Social,42.0,33,53,11,60.2,662.2,1,1,0.366,0
C100078,2023-08-29,East,Email,45.0,7,20,5,,429.2,0,0,0.341,0
C101009,2021-03-30,South,Social,52.0,10,38,3,83.32,249.96,1,0,0.343,0
C101476,2023-01-09,South,Social,33.0,13,18,2,84.59,169.18,0,1,0.254,0
C100607,2021-01-04,North,Email,18.0,28,6,3,57.45,172.35,3,1,0.287,0
C101333,2023-11-19,west,Referral,38.0,10,83,2,11.03,22.06,0,1,0.166,0
C101491,2022-05-08,West,Referral,53.0,32,34,8,138.75,1110.0,0,1,0.233,0
C101366,2024-06-07,North,Paid Search,35.0,7,15,2,68.75,137.5,2,1,0.3,0
C101057,2023-08-16,North,Organic,23.0,6,124,5,38.84,194.2,0,1,0.291,0
C101091,2024-07-06,East,Referral,37.0,9,29,3,74.91,224.73,1,0,0.201,0
C101101,2022-06-15,South,Social,51.0,14,27,3,109.21,,1,1,0.14,0
C101129,2021-01-04,West,Organic,63.0,15,138,2,82.31,164.62,1,0,0.659,1
C101235,2023-05-04,north,Paid Search,45.0,14,1,4,67.91,271.64,0,0,0.281,1
C101319,2024-04-09,West,Email,31.0,30,112,10,90.73,907.3,2,0,0.496,0
C100958,2024-06-03,South,Organic,22.0,13,26,5,109.87,549.35,1,1,0.324,0
C100559,2021-01-26,South,Organic,34.0,20,47,8,53.29,426.32,0,0,0.608,0
C100846,2023-03-28,South,Referral,63.0,5,67,2,114.88,229.76,1,1,0.327,0
C100690,2024-05-15,South,Organic,41.0,11,10,1,44.8,44.8,2,1,0.374,1
C101451,2024-05-29,East,Referral,31.0,2,20,1,152.5,152.5,3,1,0.263,0
C101399,2022-09-27,South,Paid Search,28.0,12,95,1,93.53,93.53,0,0,0.362,1
C100436,2024-08-13,North,Paid Search,56.0,13,128,1,105.58,105.58,3,1,0.222,1
C100490,2024-01-04,East,Organic,30.0,15,34,4,68.83,275.32,0,0,0.293,0
C101496,2023-10-15,West,Social,0.0,16,12,2,126.99,253.98,1,1,0.656,0
C101377,2023-01-11,west,Paid Search,,2,14,1,92.18,92.18,2,1,0.078,0
C100069,2022-03-10,South,Paid Search,53.0,19,26,1,97.31,97.31,0,1,0.291,1
C100808,2024-05-01, South ,,53.0,9,5,2,90.07,180.14,2,0,0.28,0
C101184,2022-08-02,North,,47.0,14,1,4,133.46,533.84,1,0,0.355,0
C100011,2024-01-13,West,Organic,42.0,16,54,4,77.38,309.52,0,0,0.387,1
C100144,2023-03-16,South,Organic,50.0,2,73,1,93.81,93.81,0,0,0.35,0
C100917,2024-04-13,North,Paid Search,41.0,5,123,1,10.27,10.27,2,1,0.141,0
C100639,2023-06-05,West,Referral,21.0,12,46,3,36.69,110.07,0,0,0.386,0
C100176,2021-10-14,South,Social,54.0,22,32,8,91.44,731.52,0,1,0.265,0
C100994,2022-01-02,West,Referral,39.0,24,1,6,74.1,444.6,0,1,0.364,0
C100440,2021-03-24,west,Organic,39.0,8,26,1,145.04,145.04,2,0,0.177,0
C100521,2023-12-25,South,Organic,41.0,14,83,5,141.86,709.3,0,0,0.177,0
C101482,2023-12-06,East,Organic,76.0,19,67,6,71.59,429.54,0,0,0.055,1
C101004,2021-04-30,East,Organic,,8,49,5,72.94,364.7,0,1,0.324,0
C101255,2022-07-02,West,Referral,41.0,4,29,2,105.14,210.28,0,0,0.076,0
C101234,2023-05-02,North,Organic,45.0,7,27,2,170.06,340.12,0,1,0.114,0
C100143,2021-03-21,East,,46.0,12,79,4,152.49,609.96,0,1,0.378,0
C100753,2023-10-29,South,Social,34.0,5,1,3,105.72,317.16,0,1,0.46,0
C100519,2021-05-05,West,Paid Search,44.0,14,18,5,93.53,,2,0,0.243,0
C100822,2023-09-07,South,Paid Search,48.0,14,42,6,108.71,652.26,1,1,0.323,0
C100428,2022-09-26,North,Organic,,8,8,1,57.2,57.2,1,1,0.204,0
C100612,2023-09-06,west,Organic,25.0,3,60,1,70.09,70.09,0,0,0.049,1
C101032,2021-08-29,South,Social,40.0,3,15,2,122.14,244.28,0,0,0.277,0
C100156,2022-03-23,South,Organic,67.0,14,4,2,59.34,,0,0,0.499,0
C100539,2022-09-11,West,Referral,54.0,29,1,5,109.11,545.55,1,0,0.428,0
C101290,2022-12-13,South,Referral,44.0,4,67,1,129.54,129.54,2,0,0.199,0
C100461,2024-02-21,North,Paid Search,28.0,4,16,1,73.61,73.61,1,0,0.283,0
C100576,2022-07-23,West,Email,47.0,42,78,10,93.57,935.7,2,1,0.284,0
C100255,2022-01-18,East,Social,42.0,12,12,3,138.31,414.93,1,0,0.167,1
C100979,2022-11-09,North,Email,58.0,7,28,3,92.21,276.63,0,0,0.414,0
C101185,2023-06-15,West,Social,46.0,12,52,2,10.0,20.0,0,1,0.197,0
C101006,2022-03-03,West,Email,33.0,18,17,5,40.51,202.55,0,1,0.323,0
C100560,2024-01-23,North,Email,38.0,17,27,5,73.39,366.95,1,1,0.277,1
C100208,2023-11-19,North,Referral,,15,54,5,57.99,,1,1,0.317,0
C100910,2021-06-18,East,Social,53.0,10,9,4,132.57,530.28,1,0,0.239,1
C101311,2021-10-10,West,Referral,34.0,11,33,1,14.1,14.1,1,0,0.239,1
C100001,2023-04-06,South,Email,28.0,27,70,8,106.57,852.56,1,1,0.169,1
C100269,2023-04-02,north,Referral,52.0,3,36,2,154.46,308.92,0,0,0.212,0
C100265,2021-11-03,North,Organic,43.0,4,76,2,40.49,80.98,2,0,0.303,1
C100914,2024-07-14,West,Paid Search,46.0,16,9,2,65.07,130.14,1,1,0.538,0
C100230,2021-07-24,North,Email,28.0,17,127,4,45.43,181.72,0,0,0.447,0
C101479,2023-10-29,South,Referral,61.0,25,115,3,88.27,264.81,2,1,0.058,0
C101119,2022-08-19,West,Email,56.0,5,1,1,,,1,1,0.319,0
C101474,2022-05-10,south,Paid Search,49.0,15,52,5,79.68,398.4,2,1,0.366,0
C100864,2022-06-30,north,Social,21.0,8,28,2,81.1,162.2,0,0,0.283,0
C101066,2024-03-27,South,Organic,,12,24,4,116.81,467.24,2,0,0.267,0
C100873,2024-02-04, South ,Organic,65.0,10,61,1,92.74,92.74,0,0,0.51,0
C101343,2021-04-09,East,Organic,47.0,13,3,5,144.78,723.9,0,0,0.171,0
C100398,2023-12-10,South,Organic,26.0,13,22,4,127.08,508.32,0,1,0.27,0
C101369,2024-10-28, South ,Organic,32.0,15,8,3,51.1,153.3,0,1,0.292,0
C100045,2023-08-14,west,Paid Search,41.0,11,11,3,58.68,176.04,1,0,0.102,0
C100161,2024-03-31,West,Social,29.0,14,22,2,116.79,233.58,0,0,0.257,0
C100991,2023-02-14,East,,68.0,7,58,1,49.65,49.65,1,0,0.682,1
C100727,2021-05-01,North,Organic,,2,11,1,76.35,76.35,1,1,0.345,0
C100629,2024-03-19,west,Organic,29.0,6,10,1,87.79,87.79,1,0,0.48,0
C100288,2023-11-29,South,,34.0,16,14,2,85.74,171.48,0,0,0.281,0
C101059,2022-04-10,East,Organic,35.0,27,47,4,85.47,341.88,0,1,0.337,0
C101463,2021-04-08,South,Social,40.0,17,53,6,123.96,743.76,0,0,0.248,0
C100575,2022-06-29,South,Paid Search,52.0,8,18,4,86.65,346.6,0,0,0.316,0
C100850,2022-08-19,North,Organic,42.0,15,1,6,94.61,567.66,0,1,0.216,0
C101339,2024-08-27,South,Organic,56.0,32,64,11,140.97,1550.67,2,1,0.124,0
C100911,2024-05-11,West,Email,28.0,19,21,2,103.86,207.72,0,0,0.083,0
C101254,2021-08-17,North,Referral,47.0,3,90,1,,97.72,0,1,0.323,0
C101362,2024-06-04,East,Paid Search,23.0,3,28,1,97.63,97.63,0,1,0.516,0
C100932,2024-07-03,South,Social,37.0,11,109,3,120.67,,0,0,0.185,0
C101100,2022-12-14,North,Paid Search,35.0,16,85,3,81.87,245.61,1,1,0.113,0
C101207,2022-11-25, South ,Organic,36.0,14,74,4,103.09,412.36,1,1,0.452,1
C100247,2022-11-23,South,Paid Search,67.0,54,79,4,78.78,315.12,2,1,0.216,0
C100476,2024-05-05,South,Paid Search,30.0,8,80,1,,137.41,0,1,0.178,0
C100085,2023-12-22,North,Email,25.0,12,41,4,88.47,353.88,2,1,0.167,0
C100469,2023-10-20,South,Paid Search,25.0,4,43,1,105.28,105.28,1,0,0.316,0
C100225,2022-11-10,West,Organic,34.0,11,30,1,78.62,78.62,2,1,0.081,0
C100774,2023-06-30,North,Referral,,11,25,4,79.84,319.36,2,0,0.146,0
C100331,2021-11-04,North,Email,35.0,47,9,11,113.41,1247.51,0,1,0.516,0
C100233,2022-10-07,East,Organic,67.0,15,30,5,135.7,678.5,1,1,0.12,0
C100588,2024-10-22,North,Social,34.0,6,15,2,155.42,,0,1,0.558,0
C100475,2021-11-20,south,Organic,27.0,12,11,1,76.21,76.21,2,1,0.067,0
C101284,2024-08-14,west,Organic,57.0,9,39,4,78.85,315.4,4,1,0.296,0
C100599,2024-07-23,East,Organic,51.0,27,22,8,72.22,577.76,1,0,0.378,0
C100421,2023-02-22,North,Paid Search,32.0,23,122,3,91.24,273.72,2,1,0.133,0
C100182,2021-01-02,South,Social,46.0,11,45,4,39.96,159.84,1,1,0.391,0
C100988,2021-02-21,South,Organic,50.0,11,27,4,58.29,233.16,3,1,0.598,0
C101000,2021-11-04,North,Organic,40.0,24,85,7,84.68,592.76,3,1,0.115,0
C101356,2021-08-08,south,Social,33.0,11,15,2,90.07,180.14,0,1,0.181,0
C100049,2022-08-03, north ,Organic,44.0,14,67,4,52.52,210.08,0,0,0.344,0
C101406,2023-04-08,west,Email,30.0,9,1,2,86.26,172.52,1,0,0.221,0
C101029,2023-12-11,South,Social,64.0,3,10,2,92.25,184.5,1,0,0.037,0
C100529,2023-05-20,south,Social,46.0,22,262,4,165.92,663.68,1,0,0.233,0
C101258,2022-08-24,South,Social,40.0,14,116,4,85.8,343.2,1,0,0.332,0
C100486,2021-10-26,south,Organic,28.0,45,4,6,56.73,340.38,0,0,0.444,0
C101461,2023-07-22,South,Email,37.0,28,86,6,57.21,343.26,2,1,0.021,0
C100497,2024-05-10,East,Paid Search,41.0,23,80,7,71.89,503.23,0,0,0.229,1
C100106,2023-09-01,South,,52.0,10,40,7,62.04,434.28,1,0,0.517,0
C100443,2023-05-29,north,Organic,38.0,21,9,6,131.71,790.26,0,1,0.264,0
C100646,2022-12-30,North,Organic,38.0,7,51,2,19.53,39.06,0,1,0.175,0
C101036,2022-09-11,South,Referral,33.0,12,15,4,32.29,129.16,0,1,0.09,0
C100726,2022-09-18,North,Social,30.0,9,17,1,48.87,48.87,0,1,0.076,0
C100190,2024-07-24, West ,Referral,44.0,20,34,5,52.51,262.55,0,0,0.382,0
C100282,2024-10-07,North,Organic,41.0,22,64,7,61.73,432.11,1,1,0.489,0
C100029,2023-01-22,east,Organic,50.0,31,38,5,89.13,445.65,1,1,0.338,0
C100169,2021-11-12,West,Referral,27.0,9,48,3,95.75,287.25,2,1,0.027,0
C101001,2021-02-18, South ,Social,55.0,28,75,2,66.67,133.34,2,0,0.536,0
C101204,2023-09-03,north,Social,37.0,14,20,3,117.88,353.64,0,0,0.386,0
C100100,2021-02-22,West,,40.0,4,21,1,11.04,11.04,1,1,0.175,1
C100197,2024-08-15,West,Referral,37.0,9,36,1,62.32,62.32,1,1,0.177,1
C100495,2021-11-02,South,Referral,40.0,6,83,2,76.34,152.68,1,1,0.397,1
C100647,2022-07-15,South,Email,27.0,24,123,6,108.04,648.24,0,1,0.603,0
C100987,2023-12-28,North,Referral,70.0,14,16,3,95.15,285.45,2,0,0.515,0
C100044,2024-01-19,West,Paid Search,32.0,6,45,3,52.33,156.99,1,0,0.332,0
C100710,2024-08-14,West,Email,,5,29,2,65.74,131.48,1,0,0.226,1
C100373,2024-04-29,South,Email,20.0,12,1,3,,265.98,0,0,0.407,1
C100678,2023-07-20,North,Organic,53.0,8,6,2,10.52,21.04,0,1,0.461,0
C100566,2023-01-14,East,Paid Search,33.0,9,46,2,64.67,129.34,0,0,0.437,0
C100847,2023-06-29,East,Referral,25.0,17,67,1,70.45,70.45,0,1,0.529,0
C100460,2022-02-22,East,Social,51.0,12,65,3,62.75,188.25,0,0,0.131,1
C101155,2024-09-11,North,Email,38.0,9,59,1,60.74,60.74,1,1,0.105,0
C100039,2022-01-25,east,,,9,30,1,63.66,63.66,0,1,0.306,0
C100434,2023-10-03,North,Social,52.0,14,57,2,91.76,183.52,1,1,0.275,0
C100973,2024-04-25,West,Paid Search,32.0,4,45,1,,67.94,3,1,0.438,1
C101239,2021-06-09,North,Social,45.0,9,9,1,115.62,115.62,1,0,0.117,0
C101007,2024-09-08,South,Email,44.0,15,1,5,126.0,630.0,1,1,0.242,1
C100456,2021-06-11,West,Social,46.0,10,14,5,75.8,379.0,1,1,0.213,0
C100260,2021-11-30,North,,19.0,36,10,8,38.41,307.28,0,0,0.163,0
C100035,2021-10-29,North,Paid Search,51.0,3,53,1,47.84,47.84,0,1,0.359,0
C100827,2021-01-29,North,Organic,38.0,12,31,4,95.52,382.08,0,0,0.284,0
C100309,2022-10-07,North,Organic,52.0,6,13,1,94.1,,4,0,0.036,0
C100276,2021-09-02, South ,Social,33.0,20,50,6,72.3,433.8,1,1,0.304,0
C100636,2024-08-02,East,Paid Search,37.0,9,78,4,30.35,121.4,0,0,0.403,1
C100654,2024-08-24,West,Social,49.0,5,81,1,65.15,65.15,0,1,0.579,1
C100622,2024-02-09,West,Organic,37.0,12,12,3,64.39,193.17,2,1,0.615,1
C100844,2022-06-08,North,Social,64.0,7,48,1,,70.68,0,0,0.171,0
C100393,2021-05-09, East ,Organic,65.0,14,49,4,75.48,301.92,0,1,0.406,1
C100107,2021-11-14,South,Organic,18.0,13,14,7,112.68,788.76,1,0,0.404,0
C100349,2023-07-11,North,Referral,18.0,24,38,4,88.25,353.0,1,0,0.117,0
C100524,2023-10-14,North,Paid Search,61.0,4,1,1,175.67,175.67,2,0,0.103,1
C100784,2021-03-01,West,Organic,36.0,23,14,6,99.51,597.06,0,1,0.181,1
C100047,2023-11-20,South,Referral,60.0,14,21,5,119.74,,0,1,0.203,0
C100203,2021-06-19,North,Social,25.0,19,32,4,98.94,395.76,0,1,0.601,0
C100021,2022-10-28,South,Paid Search,18.0,6,316,2,130.08,260.16,2,0,0.236,1
C100402,2024-07-27,East,Referral,45.0,29,29,5,63.47,317.35,1,1,0.096,0
C101107,2024-01-08,South,Organic,48.0,10,118,3,41.8,125.4,0,0,0.385,1
C101154,2023-05-04,South,Paid Search,49.0,38,56,4,107.12,428.48,1,0,0.087,0
C100989,2023-09-10,East,Social,35.0,39,95,11,56.16,617.76,1,1,0.112,0
C100741,2022-04-16,North,Organic,41.0,25,10,8,68.74,549.92,1,0,0.598,0
C101310,2021-05-02, South ,Organic,29.0,17,49,2,73.19,146.38,0,0,0.335,1
C101147,2024-10-24,west,Referral,47.0,17,72,4,122.28,489.12,2,1,0.089,0
C100033,2021-02-02,South,Social,44.0,9,56,5,83.31,416.55,0,0,0.199,1
C100787,2021-06-30,South,Referral,60.0,5,29,1,43.8,43.8,0,1,0.159,0
C100923,2021-06-06,South,Organic,50.0,13,48,1,53.17,53.17,0,1,0.217,0
C101043,2022-08-22,East,Organic,46.0,3,83,1,120.26,120.26,2,0,0.094,0
C101446,2024-06-21,West,Paid Search,58.0,19,1,5,59.19,295.95,0,1,0.086,0
C101243,2023-06-12,North,Referral,51.0,4,37,1,74.42,74.42,0,1,0.259,0
C100579,2024-01-06,South,Organic,59.0,16,10,3,84.8,,0,0,0.227,0
C100481,2022-12-14,North,Paid Search,,18,61,1,163.22,163.22,0,1,0.38,1
C100931,2023-04-01,South,Social,26.0,3,44,3,130.24,390.72,1,1,0.252,0
C100356,2024-05-12,East,Organic,54.0,3,30,1,99.45,99.45,1,1,0.118,0
C101248,2021-08-09,west,Paid Search,40.0,9,69,3,,193.92,1,0,0.414,0
C100759,2022-04-29,south,Paid Search,24.0,9,7,1,77.59,77.59,1,1,0.248,0
C100092,2023-01-08,South,Email,32.0,4,20,1,64.42,64.42,0,1,0.183,0
C101175,2022-10-21,East,Paid Search,41.0,7,27,5,76.37,381.85,0,1,0.349,0
C101415,2024-04-30, East ,Organic,30.0,23,5,5,143.23,716.15,2,1,0.284,0
C101341,2022-07-15,West,Paid Search,37.0,10,56,3,10.0,30.0,2,0,0.366,0
C100803,2023-12-19, East ,Paid Search,,14,26,5,,455.95,1,0,0.101,0
C100745,2022-12-01,South,Organic,52.0,5,8,1,106.61,106.61,0,1,0.235,0
C100279,2022-01-02,West,Paid Search,32.0,4,23,1,178.95,178.95,0,1,0.244,0
C100764,2024-02-26,West,Social,52.0,11,57,4,33.05,132.2,0,1,0.291,0
C100604,2022-09-28,West,Social,53.0,2,63,1,90.57,90.57,0,1,0.514,1
C101488,2023-03-17,West,Organic,52.0,15,44,3,,152.52,0,0,0.076,0
C101373,2022-06-07,West,Organic,45.0,7,23,1,116.41,116.41,0,0,0.402,0
C101398,2023-07-06,East,Social,18.0,22,56,7,46.25,323.75,0,0,0.312,0
C100400,2024-02-28,South,Social,43.0,8,1,2,101.05,202.1,1,0,0.503,0
C100257,2021-06-06,North,Email,29.0,8,102,2,101.99,203.98,1,1,0.415,0
C100944,2021-03-24,South,Paid Search,35.0,11,25,4,47.94,191.76,0,0,0.071,0
C101096,2023-07-15,North,Organic,32.0,6,52,1,65.97,65.97,0,0,0.289,0
C101219,2023-12-29,North,Social,52.0,9,67,2,77.22,154.44,0,1,0.199,0
C101161,2021-03-25,East,Paid Search,53.0,9,77,2,85.05,170.1,0,0,0.132,0
C100494,2021-12-09,East,Paid Search,58.0,3,170,2,45.0,90.0,1,0,0.482,0
C100772,2023-03-21, East ,Referral,36.0,7,22,2,124.61,249.22,1,0,0.038,0
C100550,2022-09-16,South,Email,44.0,6,125,3,122.95,368.85,0,0,0.154,0
C100201,2022-11-17,West,Email,39.0,16,87,4,106.0,424.0,1,1,0.08,0
C100312,2022-06-21,North,Social,40.0,10,62,4,69.33,277.32,1,0,0.542,1
C100290,2024-02-14,West,Referral,54.0,7,1,4,95.37,381.48,0,1,0.374,0
C101213,2022-02-04,South,Organic,,7,1,2,93.37,186.74,1,0,0.518,0
C100763,2022-04-13,north,Organic,21.0,13,9,3,,289.65,1,0,0.158,0
C101136,2023-12-07,South,Paid Search,60.0,4,22,1,74.09,74.09,0,1,0.062,0
C100949,2024-02-19,south,Social,56.0,28,3,8,88.01,704.08,0,1,0.058,0
C100183,2023-05-28,South,Organic,44.0,12,96,4,73.95,295.8,0,0,0.227,1
C101176,2024-02-17,south,Paid Search,40.0,12,100,5,162.77,813.85,0,0,0.339,1
C101349,2021-01-21,North,Paid Search,50.0,47,13,6,176.92,,5,0,0.213,0
C101068,2023-09-16,North,Social,36.0,5,31,2,61.18,122.36,0,0,0.487,0
C101468,2021-12-22,East,,27.0,23,17,7,66.49,465.43,1,1,0.421,0
C101030,2021-06-10,East,Social,53.0,15,1,6,140.27,841.62,0,1,0.035,0
C100250,2024-09-05,East,Social,38.0,9,31,3,105.25,315.75,2,0,0.249,0
C100823,2022-11-25,East,Organic,46.0,22,53,5,89.7,448.5,0,0,0.209,0
C101099,2023-12-22,North,Email,57.0,8,6,1,100.55,100.55,0,0,0.049,1
C100940,2021-06-27,South,Email,61.0,8,1,1,113.03,113.03,0,1,0.246,0
C100391,2021-12-24,North,Referral,49.0,6,65,3,99.34,298.02,1,1,0.101,0
C101456,2021-03-10,North,Organic,26.0,10,8,4,61.15,244.6,0,0,0.241,0
C101092,2022-07-10,South,Social,,10,151,2,66.68,133.36,0,0,0.184,0
C101191,2022-03-26, South ,Paid Search,44.0,12,169,1,17.92,17.92,0,0,0.407,0
C100904,2023-04-18,West,Referral,18.0,41,35,8,28.66,229.28,0,1,0.381,0
C100730,2023-04-20,south,Paid Search,32.0,4,29,1,106.28,106.28,0,0,0.253,0
C100554,2022-01-31,North,Paid Search,41.0,10,88,2,145.81,291.62,1,1,0.249,0
C100366,2024-03-10,East,Email,43.0,3,28,1,59.2,59.2,1,0,0.213,0
C100345,2024-05-22,East,Social,56.0,22,197,6,122.04,732.24,2,1,0.364,0
C100535,2022-02-08,North,Referral,45.0,6,50,3,,204.03,2,1,0.621,0
C101422,2024-10-27, South ,Organic,49.0,8,18,1,117.75,117.75,2,1,0.31,1
C101209,2021-02-22,south,Social,44.0,12,1,3,73.3,219.9,0,1,0.475,0
C101372,2021-02-01,South,Organic,32.0,14,91,3,86.03,258.09,2,1,0.488,0
C100919,2024-01-24,East,Email,,14,62,3,86.0,258.0,2,1,0.357,1
C100211,2021-10-10,East,Paid Search,24.0,25,21,4,53.53,214.12,0,0,0.265,1
C100502,2024-05-15,West,Email,41.0,13,206,3,110.76,332.28,2,1,0.215,1
C100537,2021-02-05,north,Organic,53.0,18,16,8,45.5,364.0,0,1,0.238,0
C101220,2021-10-11,North,Paid Search,31.0,37,57,7,75.96,531.72,2,1,0.419,0
C100175,2024-02-04,North,Email,32.0,26,46,6,72.96,437.76,3,1,0.415,0
